article_id,title,link,paragraph
1,"Western Province, Zambia","https://en.wikipedia.org/wiki/Western_Province,_Zambia",Central Government Provincial administration is setup purely for administrative purposes. The province is headed by a Provincial Minister appointed by
2,"Eastern Province, Zambia","https://en.wikipedia.org/wiki/Eastern_Province,_Zambia","Provincial administration in Zambia is set up purely for administrative purposes. The province is headed by a minister appointed by the President, as "
3,"Central Province, Zambia","https://en.wikipedia.org/wiki/Central_Province,_Zambia",The provincial administration is set up purely for administrative purposes. The province is headed by a minister appointed by the President and there 
4,Bemba people,https://en.wikipedia.org/wiki/Bemba_people,"The Bemba belong to a large group of Bantu peoples mainly in the Northern, Luapula, Muchinga, and the Northern part of Central Province of Zambia. Som"
5,Copperbelt Province,https://en.wikipedia.org/wiki/Copperbelt_Province,Provincial administration is set up purely for administrative purposes. The province is headed by a minister appointed by the President and there are 
6,Federation of Rhodesia and Nyasaland,https://en.wikipedia.org/wiki/Federation_of_Rhodesia_and_Nyasaland,"An agreement would likely not have been reached without Sir Andrew Cohen, CO Assistant Undersecretary for African Affairs (and a later Governor of Uga"
7,Mosi-oa-Tunya National Park,https://en.wikipedia.org/wiki/Mosi-oa-Tunya_National_Park,"The wildlife park includes tall riverine forest with palm trees, miombo woodland and grassland with plenty of birds, and animals including Angolan gir"
8,Copperbelt strike (1935),https://en.wikipedia.org/wiki/Copperbelt_strike_(1935),"The strike involved three of the province's four major copper mines: the mines at Mufulira, Nkana and Roan Antelope.[16] On the morning of 21 May 1935"
9,Provinces of Zambia,https://en.wikipedia.org/wiki/Provinces_of_Zambia,Provincial government is setup purely for administrative purposes. The province is headed by a minister appointed by the President and there are minis
10,Tonga people of Zambia and Zimbabwe,https://en.wikipedia.org/wiki/Tonga_people_of_Zambia_and_Zimbabwe,The Longitudinal Gwembe Tonga Research project a 50 year study took place in southern Zambia uses carrying capacityto explain general social processes
11,Mwanga (ethnic group),https://en.wikipedia.org/wiki/Mwanga_(ethnic_group),The Winamwanga people are believed to have come from North East Africa together with the Tonga/Ila people of Southern province at about 900 BC. Hence 
12,Northern Rhodesia,https://en.wikipedia.org/wiki/Northern_Rhodesia,"British missionaries had already established themselves in Nyasaland, and in 1890 the British government's Colonial Office sent Harry Johnston to this"
13,Silimba,https://en.wikipedia.org/wiki/Silimba,"The mbila (plural ""timbila"") is associated with the Chopi people of the Inhambane Province, in southern Mozambique.[10] It is not to be confused with "
14,Mufulira Wanderers,https://en.wikipedia.org/wiki/Mufulira_Wanderers,"In April 1962, Wanderers' home ground Shinde Stadium was opened and Tolomeo Mwansa joined the team as first choice goalkeeper. It was Hastings George "
15,"Northern Province, Zambia","https://en.wikipedia.org/wiki/Northern_Province,_Zambia","As per the 2010 Zambian census, Northern Province had a population of 1,105,824 accounting to 8.47% of the total Zambian population of 13,092,666. The"
16,Christianity in Zambia,https://en.wikipedia.org/wiki/Christianity_in_Zambia,"Livingstone, though certainly at the vanguard of the colonisers, and in that capacity he spelled the end to traditional Zambian society, he is still h"
17,Lusaka,https://en.wikipedia.org/wiki/Lusaka,"In March 1929, the UK's Colonial Office sent a telegram to the Northern Rhodesian government recommending that the capital of the territory be moved, "
18,Zambia Airways,https://en.wikipedia.org/wiki/Zambia_Airways,"Aimed at returning the carrier to profitability, Lufthansa was hired in January 1986 to carry out a study over the performance of the technical and op"
19,Tumbuka,https://en.wikipedia.org/wiki/Tumbuka_people,"Although a British protectorate over what is now Malawi was proclaimed in 1891, the Northern Ngoni only finally accepted British rule in 1904, when th"
20,Zambia Consolidated Copper Mines,https://en.wikipedia.org/wiki/Zambia_Consolidated_Copper_Mines,A major switch in the structure of Zambia's economy came with the [Mulungushi Reforms of April 1968: the government declared its intention to acquire 
21,Economy of Zambia,https://en.wikipedia.org/wiki/Economy_of_Zambia,A major switch in the structure of Zambia's economy came with the Mulungushi Reforms of April 1968: the government declared its intention to acquire e
22,Music of Zambia,https://en.wikipedia.org/wiki/Music_of_Zambia,"The most successful record label currently operating in Zambia is Romaside entertainment, Sling beats, Blaza, G-sounds, Alpha Entertainment and X.Y.Z "
23,Ing-ombe Ilede,https://en.wikipedia.org/wiki/Ing-ombe_Ilede,Ceramics have been a good source of chronology for most of archaeological sites excavated in Africa and the world over. Traits such decorative motifs 
24,Zambian Defence Force,https://en.wikipedia.org/wiki/Zambian_Defence_Force,"Between 1977 and 1980 military tension with South Africa and Rhodesia continued to escalate, resulting in a renewed spate of border incidents.[23] In "
25,British South Africa Company,https://en.wikipedia.org/wiki/British_South_Africa_Company,"The Lozi of the Barotseland formed a kingdom whose king, Lewanika had begun his rule in 1876, but had been driven from power in 1884. After his return"
26,Mambwe,https://en.wikipedia.org/wiki/Mambwe_people,"The Mambwe are an ethnic and linguistic group from Rukwa Region, Tanzania and northeastern Zambia. Like the Namwanga and other regional ethnic tribes,"
27,Komboni,https://en.wikipedia.org/wiki/Komboni,"Lusaka has been considered a poorly planned city, which grew slowly and in ways its planners failed to anticipate.[1]: 70 [Notes 1] It was founded in "
28,Cape to Cairo Road,https://en.wikipedia.org/wiki/Cape_to_Cairo_Road,"From about 1890,[citation needed] some[who?] in the British Empire envisioned a road that would stretch across the continent from south to north, runn"
29,East African Campaign (World War I),https://en.wikipedia.org/wiki/East_African_Campaign_(World_War_I),"The objective of the German forces in East Africa, led by Lieutenant-Colonel Paul von Lettow-Vorbeck, was to divert Allied forces and supplies from Eu"
30,Zambia national football team,https://en.wikipedia.org/wiki/Zambia_national_football_team,"On June 3, 1994, in Brussels, the Zambian football team succumbed to one of its worst losses in its history against Belgium, losing 9–0. At CAN 1996, "
31,Zambian Premier League,https://en.wikipedia.org/wiki/Zambian_Premier_League,"The Zambia Super League, also known as MTN/FAZ Super Division due to sponsorship reasons,[1] is the top division of the Football Association of Zambia"
32,Education in Zambia,https://en.wikipedia.org/wiki/Education_in_Zambia,"Lower education in Zambia is divided into three levels and these are namely: primary, junior secondary and upper secondary. Higher education in Zambia"
33,United Party for National Development,https://en.wikipedia.org/wiki/United_Party_for_National_Development,On the executive level the UPND President Hakainde Hichilema was re-elected to the party presidency at the elective General Conference on 14 February 
34,"Stand and Sing of Zambia, Proud and Free","https://en.wikipedia.org/wiki/Stand_and_Sing_of_Zambia,_Proud_and_Free","""Nkosi Sikelel' iAfrika"" started to become popular in South Africa in 1923 as a Christian hymn. It became a closing hymn for ANC meetings and later be"
35,Nshima,https://en.wikipedia.org/wiki/Nshima,"Nsima is almost always eaten with two side dishes, known as ""relishes"":[5] a protein source: meat, poultry, fish, groundnuts (peanuts), beans; and a v"
36,Kariba Dam,https://en.wikipedia.org/wiki/Kariba_Dam,The Kariba Dam project was planned and carried out by the Government of the Federation of Rhodesia and Nyasaland. The Federation was often referred to
37,Luapula Province,https://en.wikipedia.org/wiki/Luapula_Province,The administrative staff of the council is selected based on the Local Government Service Commission from within or outside the district. The office o
38,Congo Pedicle,https://en.wikipedia.org/wiki/Congo_Pedicle,"From the British point of view, the obvious choice for the border is the base of the salient, a southwest to northeast line from the watershed to the "
39,British diaspora in Africa,https://en.wikipedia.org/wiki/British_diaspora_in_Africa,"White Africans, including the British diaspora, generally enjoy an outdoor lifestyle and sports. The braai is a popular way to gather with friends and"
40,Barotseland,https://en.wikipedia.org/wiki/Barotseland,"On 18 May 1964, the Litunga and Kenneth Kaunda Prime Minister of Northern Rhodesia signed the ""Barotseland Agreement 1964""[16][17] which established B"
41,Congo Pedicle road,https://en.wikipedia.org/wiki/Congo_Pedicle_road,"However, it was Élisabethville and Katanga which benefited initially, via a road to the Congolese port of Kasenga on the Luapula, and another to a fer"
42,Africa,https://en.wikipedia.org/wiki/Africa,"The size of the Sahara has historically been extremely variable, with its area rapidly fluctuating and at times disappearing depending on global clima"
43,Kasanka National Park,https://en.wikipedia.org/wiki/Kasanka_National_Park,"Kasanka National Park is a park located in the Serenje District of Zambia’s Central Province. At roughly 390 km2 (150 sq mi), Kasanka is one of Zambia"
44,Prime Minister of Zambia,https://en.wikipedia.org/wiki/Prime_Minister_of_Zambia,"Upon independence and the renaming of the country as Zambia, Kaunda became the new President of Zambia after being elected unopposed.[4][5] The office"
45,Lozi people,https://en.wikipedia.org/wiki/Lozi_people,"The political organisation of the Lozi has long centred on a monarchy, whose reigning head, the Paramount King, is known as 'Litunga' which means 'kee"
46,Zamtel,https://en.wikipedia.org/wiki/Zamtel,"In 2010, the Zambian government, under the Movement for Multi-Party Democracy (MMD) President, Rupiah Banda, sold 75% of the Zamtel to the Libyan comp"
47,Mulungushi Rock of Authority,https://en.wikipedia.org/wiki/Mulungushi_Rock_of_Authority,"Mulungushi Rock was first used for an October 26, 1958 rally of the Zambian African National Congress (ZANC) under the leadership of Kenneth Kaunda.[2"
48,Bangweulu Wetlands,https://en.wikipedia.org/wiki/Bangweulu_Wetlands,"In 2008, African Parks began managing Bangweulu with the establishment of the Bangweulu Wetland Management Board, which includes representation by Afr"
49,Luapula Province border dispute,https://en.wikipedia.org/wiki/Luapula_Province_border_dispute,In 1931 another British/Belgian Boundary Commission was set up. A Peake/Gendarme agreement was proposed. It was suggested that a meandering line follo
50,Cuando River,https://en.wikipedia.org/wiki/Cuando_River,"The Cuando continues in its marshy channel across the neck of the Caprivi Strip of Namibia (map, 2) and then forms the border between Namibia and Bots"
51,Politics of Zambia,https://en.wikipedia.org/wiki/Politics_of_Zambia,"In December 1990, at the end of a tumultuous year that included riots in the capital and an attempted coup, President Kaunda signed legislation ending"
52,History of Africa,https://en.wikipedia.org/wiki/History_of_Africa,"Evidence of a variety of behaviors indicative of Behavioral modernity date to the African Middle Stone Age, associated with early Homo sapiens and the"
53,MV Liemba,https://en.wikipedia.org/wiki/MV_Liemba,"The war on the lake had reached a stalemate by this stage, with both sides declining to mount attacks. However, the war on land was progressing, large"
54,Zambian kwacha,https://en.wikipedia.org/wiki/Zambian_kwacha,"Prior to independence in 1964, the Rhodesia and Nyasaland pound was the legal tender of the short-lived British protectorate of Northern Rhodesia. Ban"
55,Chitimukulu,https://en.wikipedia.org/wiki/Chitimukulu,In Kola the Bemba Kings were born from King Mukulumpe from his last wife Mumbi Mukasa who belonged to the crocodile clan. She bore four children namel
56,Lake Mweru Wantipa,https://en.wikipedia.org/wiki/Lake_Mweru_Wantipa,"Around 2005, Lake Mweru Wantipa's main north-east to south-west axis was about 65 km long and it was about 20 km wide, but a narrow branch extends rou"
57,National Women's Lobby Group,https://en.wikipedia.org/wiki/National_Women%27s_Lobby_Group,ZNWL was founded on 20 July 1991 in Lusaka at the Young Women's Christian Association Centre (YWCA) following a meeting that comprised well educated m
58,Kazembe,https://en.wikipedia.org/wiki/Kazembe,“The court or compound of Casembe—some would call it a palace—is a square enclosure of 300 yards by 200 yards. It is surrounded by a hedge of high ree
59,Chimfunshi Wildlife Orphanage,https://en.wikipedia.org/wiki/Chimfunshi_Wildlife_Orphanage,"Chimfunshi Wildlife Orphanage is a sanctuary for chimpanzees, located in Zambia's Copperbelt Province. Chimfunshi started as a family-run wildlife orp"
60,United National Independence Party,https://en.wikipedia.org/wiki/United_National_Independence_Party,"In 1973, the country became a one-party state with UNIP as the sole legal party, with an amended constitution being promulgated on 25 August 1973.[2] "
61,Sakeji School,https://en.wikipedia.org/wiki/Sakeji_School,"The name was changed to ""Sakeji School"" in 1932 when a local ""Kalene school"" was opened at Kalene Hill.[3] In 1952 the school had almost 60 pupils.[5]"
62,Zambezi,https://en.wikipedia.org/wiki/Zambezi,"The river flows to the southwest into Angola for about 240 kilometres (150 mi), then is joined by sizeable tributaries such as the Luena and the Chifu"
63,Chichewa language,https://en.wikipedia.org/wiki/Chichewa_language,"The first grammar, A Grammar of the Chinyanja language as spoken at Lake Nyasa with Chinyanja–English and English–Chinyanja vocabulary, was written by"
64,Patriotic Front (Zambia),https://en.wikipedia.org/wiki/Patriotic_Front_(Zambia),"The Patriotic Front was formed as a political party in 2001. In 2000, after Chiluba lost a bid to change the constitution to allow him to stand for th"
65,Yauma language,https://en.wikipedia.org/wiki/Yauma_language,"The Mbunda language in Zambia Angola is not spoken exactly the same way. In Zambia it has a strong upper teeth contact with the tongue, to pronounce w"
66,Lungwebungu River,https://en.wikipedia.org/wiki/Lungwebungu_River,The Lungwebungu River (in Angola Lungué Bungo) of south-west-central Africa is the largest tributary of the upper Zambezi River. The headwaters of the
67,Fanagalo,https://en.wikipedia.org/wiki/Fanagalo,"In contrast, mining companies in the early 21st century have attempted to phase out Fanagalo in favour of the pre-existing, local languages. In additi"
68,Stairs Expedition,https://en.wikipedia.org/wiki/Stairs_Expedition,Belgium was short of people with tropical experience but Leopold was adept at recruiting other European nationalities for his schemes. Central Africa 
69,Glencore International,https://en.wikipedia.org/wiki/Glencore_International,"Prior to its merger with Xstrata, Glencore is reported to have served as a marketing partner for the company.[42][43] As of 2006, Glencore leaders Wil"
70,1977 Dan-Air Boeing 707 crash,https://en.wikipedia.org/wiki/1977_Dan-Air_Boeing_707_crash,"The Boeing 707 320/420 series had an enlarged horizontal stabiliser (tailplane) assembly compared to earlier 707 aircraft, and in the redesign the inc"
71,List of national parks of Zambia,https://en.wikipedia.org/wiki/List_of_national_parks_of_Zambia,"The national parks are administered by the Zambia Wildlife Authority, an autonomous body responsible to the Ministry of Tourism, Environment and Natur"
72,Ngoni people,https://en.wikipedia.org/wiki/Ngoni_people,"While the Ngoni were primarily agriculturalists, cattle were their main goal for raiding expeditions and migrations northward. Their reputation as ref"
73,Hinduism in Zambia,https://en.wikipedia.org/wiki/Hinduism_in_Zambia,"Zambia is officially a Christian nation according to the 1996 constitution,[2] but a wide variety of religious traditions exist. Traditional religious"
74,Kafue National Park,https://en.wikipedia.org/wiki/Kafue_National_Park,"Most of the park is covered in miombo woodlands, which are open semi-deciduous forests of trees in the genera Brachystegia, Julbernardia and Isoberlin"
75,Lake Bangweulu,https://en.wikipedia.org/wiki/Lake_Bangweulu,"The Bangweulu swamps are fed mainly from the north-east by the Chambeshi River, and drain to the south into the Luapula River. The lake is connected t"
76,Victoria Falls,https://en.wikipedia.org/wiki/Victoria_Falls,"The entire volume of the Zambezi River pours through the First Gorge's 110-metre-wide (360 ft) exit for a distance of about 150 metres (490 ft), then "
77,Liuwa Plain National Park,https://en.wikipedia.org/wiki/Liuwa_Plain_National_Park,"In 2008, after no lions returned to the park naturally, African Parks attempted to introduce a male lion, but he died during the relocation. Two other"
78,First Quantum Minerals,https://en.wikipedia.org/wiki/First_Quantum_Minerals,The Frontier Mine is an open pit copper mine located near Sakania. First Quantum obtained exploration licenses in January 2001 and July 2002. Producti
79,Benguela railway,https://en.wikipedia.org/wiki/Benguela_railway,"The railway line roughly follows old trade routes between the ancient trading centre of Benguela and its hinterland of the Bié plateau.[8] In 1899, th"
80,Tumbuka language,https://en.wikipedia.org/wiki/Tumbuka_language,"As is usual with Bantu languages, Tumbuka nouns are grouped into different noun classes according to their singular and plural prefixes. Each class of"
81,Commonwealth XI cricket team in Rhodesia in 1962-63,https://en.wikipedia.org/wiki/Commonwealth_XI_cricket_team_in_Rhodesia_in_1962-63,First-class cricket was not established in the colony until the Rhodesian team began taking part in South Africa's Currie Cup competition from 1904–05
82,White Fathers,https://en.wikipedia.org/wiki/White_Fathers,"The White Fathers were the largest missionary society to operate in Zambia, as well as one of the earliest to settle in the country. Their first stati"
83,List of Presidents of Zambia,https://en.wikipedia.org/wiki/List_of_Presidents_of_Zambia,"Upon independence and the renaming of the country as Zambia, Prime Minister Kenneth Kaunda was elected as the first President. The office of Prime Min"
84,Dugout (boat),https://en.wikipedia.org/wiki/Dugout_(boat),"A Nok sculpture portrays two individuals, along with their goods, in a dugout canoe.[2] Both of the anthropomorphic figures in the watercraft are padd"
85,Kalambo Falls,https://en.wikipedia.org/wiki/Kalambo_Falls,"During this time, the Acheulean industry of Kalambo Falls was superseded by the Sangoan culture. This shift is considered by Clark as a result of an e"
86,Bank of Zambia,https://en.wikipedia.org/wiki/Bank_of_Zambia,"The Board of the Bank of Zambia is composed of the Governor, who is the Chairperson, and six other Directors appointed by the Minister of Finance and "
87,Foreign relations of Zambia,https://en.wikipedia.org/wiki/Foreign_relations_of_Zambia,"Following the independence of Zambia on 24 October 1964, the country has lent military aid and support to numerous movements and governments on the in"
88,Demographics of Zambia,https://en.wikipedia.org/wiki/Demographics_of_Zambia,"Zambia's mineral rich, youthful population consists primarily of Bantu-speaking people representing nearly 70 different ethnicities. Zambia's high fer"
89,Lukanga Swamp,https://en.wikipedia.org/wiki/Lukanga_Swamp,"There are several inhabited islands of higher ground which stay dry through the rainy season, mainly in an arc along the western edge of the permanent"
90,Zambia Railways,https://en.wikipedia.org/wiki/Zambia_Railways,"The 1,067 mm (3 ft 6 in) gauge Cape gauge ZR network was built during British colonial rule as part of the vision of the Cape-Cairo railway but the ec"
91,Great North Road (Zambia),https://en.wikipedia.org/wiki/Great_North_Road_(Zambia),"The Great North Road is a major route in Zambia, running north from Lusaka through Kabwe, Kapiri Mposhi (the road continues by way of a right turn jus"
92,Luangwa River,https://en.wikipedia.org/wiki/Luangwa_River,Note: distances stated are approximate straight-line distances from source. The Luangwa rises in the Lilonda and Mafinga Hills in north-east Zambia at
93,University of Zambia,https://en.wikipedia.org/wiki/University_of_Zambia,"The Central Africa council (CAC) appointed a committee to investigate requirements for a college for higher education and, it subsequently recommended"
94,Nyika Plateau,https://en.wikipedia.org/wiki/Nyika_Plateau,"The Nyika Plateau lies in northern Malawi, with a small portion in north eastern Zambia. Most of it lies at elevations of between 2,100 and 2,200 m (6"
95,Bemba language,https://en.wikipedia.org/wiki/Bemba_language,"Bemba is one of the most widely spoken languages in Zambia, spoken by many people who live in urban areas, and is one of Zambia's seven recognized reg"
96,British South Africa Police,https://en.wikipedia.org/wiki/British_South_Africa_Police,"During the period of the Rhodesian Bush War in the late 1960s and 1970s, the BSAP formed an important part of the white minority government's fight ag"
97,LGBT rights in Zambia,https://en.wikipedia.org/wiki/LGBT_rights_in_Zambia,"In 1999, the non-governmental organisation Zambia Against People with Abnormal Sexual Acts (ZAPASA) formed to combat homosexuality and homosexuals in "
98,Shona language,https://en.wikipedia.org/wiki/Shona_language,Shona is used to refer to a standardised language based on the central dialects of the Shona region. Shona languages form a dialect continuum from the
99,Von Lettow-Vorbeck Memorial,https://en.wikipedia.org/wiki/Von_Lettow-Vorbeck_Memorial,"The British force had been waiting in the Abercorn area to attack the German forces coming from northern Mozambique, thinking they would make for Lake"
100,Livingstone Memorial,https://en.wikipedia.org/wiki/Livingstone_Memorial,"The Memorial is reached from the tarred Serenje-Samfya highway via a turn-off to the north, which is 10 km northeast from the turn-off south to Kasank"
101,Zambia,https://en.wikipedia.org/wiki/Zambia,"On 24 October 1964, Zambia became independent of the United Kingdom and prime minister Kenneth Kaunda became the inaugural president. Kaunda's sociali"
102,Sioma Ngwezi National Park,https://en.wikipedia.org/wiki/Sioma_Ngwezi_National_Park,"The park occupies part of large plain lying between the Zambezi, the Cuando River (the upper Chobe River), and the Caprivi Strip, called the Silowana "
103,Kafue River,https://en.wikipedia.org/wiki/Kafue_River,The Kafue River rises at an elevation of 1350 m on the relatively flat plateau just south the border between Zambia and the Democratic Republic of the
104,North-Eastern Rhodesia,https://en.wikipedia.org/wiki/North-Eastern_Rhodesia,The colonisation of the region that would become North-Eastern Rhodesia began in 1890.[10] Joseph Thompson was dispatched by Cecil Rhodes of the Briti
105,Geography of Zambia,https://en.wikipedia.org/wiki/Geography_of_Zambia,"Zambia lies in the watershed between DR Congo and Zambezi river systems. Leaving two provinces, all other provinces lie in the country frontier formed"
106,Zanaco FC,https://en.wikipedia.org/wiki/Zanaco_FC,Zanaco FC is a Zambian football club based in Lusaka that plays in the MTN/FAZ Super Division. They play their home games at Sunset Stadium in Lusaka.
107,Rhodesia and Nyasaland pound,https://en.wikipedia.org/wiki/Rhodesia_and_Nyasaland_pound,The Federation also issued its own coinage. In 1955 a full new set of coins were issued with the Mary Gillick obverse of the Queen and various African
108,South Luangwa National Park,https://en.wikipedia.org/wiki/South_Luangwa_National_Park,"The park spans two ecoregions, both of them woodland savannah, distinguished by the dominant tree: Southern Miombo woodlands cover the higher slopes o"
109,Lake Tanganyika,https://en.wikipedia.org/wiki/Lake_Tanganyika,The lake is stratified and seasonal mixing generally does not extend beyond depths of 150 m (490 ft).[14] The mixing mainly occurs as upwellings in th
110,History of Zambia,https://en.wikipedia.org/wiki/History_of_Zambia,The area of modern Zambia is known to have been inhabited by the Khoisan and Batwa peoples until around AD 300 when migrating Bantu began to settle ar
111,Kariba Gorge,https://en.wikipedia.org/wiki/Kariba_Gorge,The choice of the Kariba Gorge over the competing Kafue Gorge site in Zambia was a result of political and technical decisions. The Kariba Gorge was a
112,Cuisine of Zambia,https://en.wikipedia.org/wiki/Zambian_cuisine,"The Bemba people, who live in what is now Zambia, traditionally ate what was available depending on weather patterns.[21] Bemba meals included a type "
113,Kazungula Ferry,https://en.wikipedia.org/wiki/Kazungula_Ferry,"Zimbabwe already has a bridge into Zambia at Victoria Falls, 70 km (43 mi) from Kazungula. Namibia already has a bridge into Zambia at Katima Mulilo a"
114,Roman Catholicism in Zambia,https://en.wikipedia.org/wiki/Roman_Catholicism_in_Zambia,"The first missionaries to arrive in Zambia were the portuguese Dominicans in 1730.[1] Later on, the first Jesuits in the country crossed the Zambezi R"
115,United Progressive Party (Zambia),https://en.wikipedia.org/wiki/United_Progressive_Party_(Zambia),"On 21 December of the same year Kapwepwe, taking advantage of a by-election, became an MP for the UPP. Kaunda reacted swiftly; on 4 February 1972, he "
116,Movement for Multiparty Democracy,https://en.wikipedia.org/wiki/Movement_for_Multiparty_Democracy,"Levy Mwanawasa was selected as the MMD presidential candidate for the 2001 elections, winning with just 28% of the vote. Although the MMD remained the"
117,"Federation of Rhodesia and Nyasaland election, 1953","https://en.wikipedia.org/wiki/Federation_of_Rhodesia_and_Nyasaland_election,_1953",The advent of the Federation caused a profound shift in the structure of politics in the Rhodesias. Godfrey Huggins formed the Federal Party to fight 
118,Itezhi-Tezhi Dam,https://en.wikipedia.org/wiki/Itezhi-Tezhi_Dam,The initial purpose of the dam is to store water for the Kafue Gorge Upper Power Station more than 260 kilometres (160 mi) downstream. The Kafue River
119,Zambia Information and Communications Technology Authority,https://en.wikipedia.org/wiki/Zambia_Information_and_Communications_Technology_Authority,The Zambia Information and Communications Technology Authority (ZICTA) is a regulatory body responsible for regulating the ICT industry in Zambia. It 
120,Disability in Zambia,https://en.wikipedia.org/wiki/Disability_in_Zambia,Zambia is affected by a generalized HIV epidemic.[23] Individuals with disabilities face unique challenges in getting access to HIV testing and treatm
121,Lake Mweru,https://en.wikipedia.org/wiki/Lake_Mweru,"Livingstone witnessed the devastation and suffering caused by the slave trade in the area to the north and east of Mweru, and his accounts did help ra"
122,Lumpa Church,https://en.wikipedia.org/wiki/Lumpa_Church,By 1958 the organization adopted the controversial rejection of all earthly authority. It began having its own courts and refused to pay taxes or be r
123,Lusaka Declaration,https://en.wikipedia.org/wiki/Lusaka_Declaration,"The first article of the declaration demanded legal equality 'without any distinction or exclusion based on race, colour, sex, descent, or national or"
124,Ndola Airport,https://en.wikipedia.org/wiki/Simon_Mwansa_Kapwepwe_International_Airport,"In late 2021, Ndola's airport was officially moved from Itawa to a new address, 15 kilometres west of the city centre, just north of the Dag Hammarskj"
125,Coat of arms of Zambia,https://en.wikipedia.org/wiki/Coat_of_arms_of_Zambia,The African fish eagle represents the conquest of freedom and nation's hope for the future. The pick and hoe represent the country's economic backbone
126,Luapula River,https://en.wikipedia.org/wiki/Luapula_River,"The natural resources of the lower valley, which include fisheries in the river, lagoons and wetlands with fertile farmland at the margins, attracted "
127,Great East Road (Zambia),https://en.wikipedia.org/wiki/Great_East_Road_(Zambia),"The Eastern Province is a narrow slice of land sandwiched between Mozambique and Malawi to its south and east, and the Luangwa Valley, world-famous fo"
128,Mulobezi Railway,https://en.wikipedia.org/wiki/Mulobezi_Railway,The British artist and conservationist David Shepherd made a well-known painting of a Mulobezi steam locomotive[8] and when the railway ceased working
129,Elections in Zambia,https://en.wikipedia.org/wiki/Elections_in_Zambia,"The promulgation of the ""Lennox-Boyd constitution"" led to the expansion of the Legislative Council to 22 elected members for the 1959 elections. It pr"
130,Congo River,https://en.wikipedia.org/wiki/Congo_River,"The name Zaire is from a Portuguese adaptation of a Kikongo word, nzere (""river""), a truncation of nzadi o nzere (""river swallowing rivers"").[6] The r"
131,Northern Rhodesia at the 1964 Summer Olympics,https://en.wikipedia.org/wiki/Northern_Rhodesia_at_the_1964_Summer_Olympics,"Northern Rhodesia (now Zambia) competed in the Summer Olympic Games for the first time at the 1964 Summer Olympics in Tokyo, Japan. 12 competitors, 11"
132,Copperbelt,https://en.wikipedia.org/wiki/Copperbelt,"About 200 miles north of the Falls on the Incalla river, and twelve miles from the Kafukwe (Ed: now known as the Kafue River) and still on the high pl"
133,Lusaka International Airport,https://en.wikipedia.org/wiki/Lusaka_International_Airport,"In 2015, the government of Zambia began a three-year, US$360 million expansion and improvement of the airport, with funds borrowed from the Exim Bank "
134,Chirundu Bridge,https://en.wikipedia.org/wiki/Chirundu_Bridge,"The first Chirundu Bridge is the Otto Beit Bridge built in 1938-9 by Dorman Long and financed by the Beit Trust, which funded most of central and sout"
135,Lake Kashiba,https://en.wikipedia.org/wiki/Lake_Kashiba,"But the best known of the legends of Kashiba goes back to the earliest history of the Lamba people, to Kabunda, son of Chipimpi, the chief who came fr"
136,Transport in Zambia,https://en.wikipedia.org/wiki/Transport_in_Zambia,Australian and American interests are examining the project and the Development Bank of Southern Africa (DBSA) may help with finance. The United State
137,Chewa people,https://en.wikipedia.org/wiki/Chewa_people,The Chewa (or AChewa) are a Bantu ethnic group native to central and southern Africa and the largest ethnic group in Malawi. The Chewa are closely rel
138,Communications in Zambia,https://en.wikipedia.org/wiki/Communications_in_Zambia,"The constitution and law prohibit arbitrary interference with privacy, family, home, or correspondence, but the government frequently does not respect"
139,Lamba language,https://en.wikipedia.org/wiki/Lamba_language,"Lamba is a language found in Zambia and is commonly spoken in the Copperbelt. There are about 210,000 native speakers in the northern parts of Zambia "
140,BaLunda,https://en.wikipedia.org/wiki/BaLunda,The Lunda were nomadics until the 17th.[3] The people of the Lunda Kingdom believed in Nzambi as a Supreme Creator of the world who created everything
141,Lusaka Dynamos,https://en.wikipedia.org/wiki/Lusaka_Dynamos,Lusaka Dynamos Football Club is a Zambian football club based in Lusaka. Lusaka Dynamos Football Club is a Zambian football club based in Lusaka. The 
142,List of Zambia-related topics,https://en.wikipedia.org/wiki/List_of_Zambia-related_topics,Zambia – landlocked sovereign country located in Southern Africa.[1] Zambia has been inhabited for thousands of years by hunter-gatherers and migratin
143,Lower Zambezi National Park,https://en.wikipedia.org/wiki/Lower_Zambezi_National_Park,The park itself is ringed by a much larger game management area (commonly referred to as GMA); there are no fences between the park and the GMA and bo
144,Flag of Zambia,https://en.wikipedia.org/wiki/Flag_of_Zambia,The current flag is used as both national flag[2] and ensign.[3] It is green with an orange-coloured African fish eagle in flight over a rectangular b
145,Water Transport in Zambia,https://en.wikipedia.org/wiki/Water_Transport_in_Zambia,"Before the coming of the Europeans from 1860 onwards, the Lozi people of Barotseland were building Nalikwanda royal barges made from teak planks fixed"
146,Lake Kariba,https://en.wikipedia.org/wiki/Lake_Kariba,"Lake Kariba is over 223 kilometres (139 miles) long and up to 40 kilometres (25 miles) in width. It covers an area of 5,580 square kilometres (2,150 s"
147,"Zambian presidential election, 1991","https://en.wikipedia.org/wiki/Zambian_presidential_election,_1991",General elections were held in Zambia on 31 October 1991 to elect a President and National Assembly. They were the first multi-party elections since 1
148,Tonga baskets,https://en.wikipedia.org/wiki/Tonga_baskets,"It takes approximately two weeks to complete a basket about 35 cm in diameter. The baskets are made from the ilala palm (mapokwe in Tonga), which, alt"
149,"Zambian presidential election, 2001","https://en.wikipedia.org/wiki/Zambian_presidential_election,_2001","The results of the elections were disputed by main opposition parties, including the United Party for National Development, which many observers claim"
150,Water supply and sanitation in Zambia,https://en.wikipedia.org/wiki/Water_supply_and_sanitation_in_Zambia,"Unlike many other countries in the region Zambia has more than adequate water resources, although during the dry season water resources may be scarce,"
151,Mweru Wantipa National Park,https://en.wikipedia.org/wiki/Mweru_Wantipa_National_Park,"Though mostly in the Central Zambezian Miombo woodlands ecoregion, the Mweru-Wantipa/Sumbu area has a rare and endangered ecoregion or vegetation type"
152,TAZARA Railway,https://en.wikipedia.org/wiki/TAZARA_Railway,"Further south, the railway cuts through the fertile Kilombero Valley, and skirts the great Kibasira Swamp. The next section, between Mlimba (the Kingd"
153,"Nyika National Park, Zambia","https://en.wikipedia.org/wiki/Nyika_National_Park,_Zambia","The Zambian side is undeveloped except for a colonial-era resthouse, built around 1946, which used to be the only accommodation in either park. After "
154,Wildlife of Zambia,https://en.wikipedia.org/wiki/Wildlife_of_Zambia,"Thirdly, poor environmental management by government and a certain amount of corruption in some quarters has allowed poaching and uncontrolled exploit"
155,Rift Valley lakes,https://en.wikipedia.org/wiki/Rift_Valley_lakes,"The Ethiopian Rift Valley lakes are the northernmost of the African Rift Valley lakes. In central Ethiopia, the Main Ethiopian Rift, also known as the"
156,Lochinvar National Park,https://en.wikipedia.org/wiki/Lochinvar_National_Park,"A former ranch, the park was designated in 1972 and is known for its Kafue lechwe and birdlife, with over 400 species recorded. The other antelopes fo"
157,List of Vice Presidents of Zambia,https://en.wikipedia.org/wiki/List_of_Vice_Presidents_of_Zambia,The vice-president of Zambia is the second highest position in the executive branch of the Republic of Zambia. The vice-president was previously appoi
158,"Zambian general election, 2006","https://en.wikipedia.org/wiki/Zambian_general_election,_2006",The winner of the presidential elections was determined in one round according to the first-past-the-post system. Initial results from the election ga
159,Kitwe United Football Club,https://en.wikipedia.org/wiki/Kitwe_United_Football_Club,"1991 Promotion to Division 1-Winning Coach-Goodwell Kabanda, Captain-Andrew c Katebe. 2002 Promotion to Premier League-winning Coach-Andrew C Katebe, "
160,Lozi language,https://en.wikipedia.org/wiki/Lozi_language,"Lozi, also known as siLozi and Rozi, is a Bantu language of the Niger–Congo language family within the Sotho–Tswana branch of Zone S (S.30), that is s"
161,Northern Rhodesian African National Congress,https://en.wikipedia.org/wiki/Northern_Rhodesian_African_National_Congress,"In 1958 the party was divided on whether to participate in the 1959 Northern Rhodesian general election, in which only a minority of the black populat"
162,Tazama Pipeline,https://en.wikipedia.org/wiki/Tazama_Pipeline,"The Tazama pipeline extends from the Indian Ocean port of Dar es Salaam, in Tanzania to the industrial city of Ndola, Zambia, in the Copperbelt Provin"
163,Zambia Post,https://en.wikipedia.org/wiki/Zambia_Post,"Fred M'membe founded The Post in 1991 as a weekly Lusaka newspaper, along with three co-founders Mike Hall, John Mukela and Matsautso Phiri. As an acc"
164,Kavango–Zambezi Transfrontier Conservation Area,https://en.wikipedia.org/wiki/Kavango%E2%80%93Zambezi_Transfrontier_Conservation_Area,Kavango–Zambezi Transfrontier Conservation Area (KAZA TFCA) was a conservation proposal for a region of Southern Africa where the international border
165,Munali Secondary School,https://en.wikipedia.org/wiki/Munali_Secondary_School,"Classes are called M, U, N, A, L, I, S, E, C from Grade 8 to Grade 9 and M, U, N, A, L from grades 10 to 12. This nomenclature is derived from the nam"
166,Trans–Caprivi Highway,https://en.wikipedia.org/wiki/Trans%E2%80%93Caprivi_Highway,"From Livingstone, it heads north-east as the T1 for 420km, through Choma, to reach a junction with the T2 road (Zambia's Great North Road) about 20km "
167,Kuomboka,https://en.wikipedia.org/wiki/Kuomboka,"The King's state barge is called Nalikwanda and is painted black and white, like Zambia's coat of arms. On the barge is a replica of a huge black elep"
168,Zambian Airways,https://en.wikipedia.org/wiki/Zambian_Airways,"On 10 January 2009, the company announced it was suspending operations citing high fuel costs as the main reason. Shareholders were not available for "
169,Dambos,https://en.wikipedia.org/wiki/Dambos,"A dambo is a class of complex shallow wetlands in central, southern and eastern Africa, particularly in Zambia and Zimbabwe. They are generally found "
170,Lusaka Province,https://en.wikipedia.org/wiki/Lusaka_Province,Kafue River is a tributary of Zambezi River and it has huge valleys breaking the plateau. The province lies in the watershed between Congo DR and Zamb
171,Amayenge,https://en.wikipedia.org/wiki/Amayenge,"Amayenge is a popular Zambian music group. Started by Kris Chali in 1978 in Choma, the band was originally called Crossbones, one of many Zambian acts"
172,Forum for Democracy and Development,https://en.wikipedia.org/wiki/Forum_for_Democracy_and_Development,"The FDD was founded in 2001 by former members of the Movement for Multi-Party Democracy (MMD), disaffected by Frederick Chiluba's efforts to change th"
173,Languages of Zambia,https://en.wikipedia.org/wiki/Languages_of_Zambia,"The English spoken in Zambia has some distinctive features, such as the omission of certain object pronouns that would be obligatory in Western Englis"
174,National Arts Council of Zambia,https://en.wikipedia.org/wiki/National_Arts_Council_of_Zambia,"The National Arts Council of Zambia (NAC) is a quasi-government agency established in 1994, which began operating in 1996.[1] The organization has the"
175,Luangwa Bridge,https://en.wikipedia.org/wiki/Luangwa_Bridge,The First Luangwa Bridge was built in Zambia's colonial era in 1932 as a narrow 300 m long wide steel and reinforced concrete deck on concrete piers a
176,Victoria Falls Bridge,https://en.wikipedia.org/wiki/Victoria_Falls_Bridge,"The bridge was the brainchild of Cecil Rhodes, part of his grand and unfulfilled Cape to Cairo railway scheme, even though he never visited the falls "
177,Kabompo River,https://en.wikipedia.org/wiki/Kabompo_River,"The Kabompo River flows south-west through miombo woodland, then a remote Cryptosepalum dry forest ecoregion, with the West Lunga National Park on its"
178,Kalindula,https://en.wikipedia.org/wiki/Kalindula,"In the Southern Province of Zambia, kalindula bands compete to participate in the annual Tonga Music Festival sponsored by Chikuni Radio station. Winn"
179,Lusaka Stock Exchange,https://en.wikipedia.org/wiki/Lusaka_Stock_Exchange,The 1972 Securities Act revised to facilitate the establishment of the Securities Exchange. It was structured around models of a modern Stock Exchange
180,"Luena River, Western Zambia","https://en.wikipedia.org/wiki/Luena_River,_Western_Zambia",The Luena River of Zambia's Western Province rises just west of the Kafue National Park and flows west through Kaoma to become a tributary of the Zamb
181,Lunda Empire,https://en.wikipedia.org/wiki/Lunda_Empire,"At the start of the colonial era (1884), the Lunda heartland was divided between Portuguese Angola, King Leopold II of Belgium's Congo Free State and "
182,Kalambo River,https://en.wikipedia.org/wiki/Kalambo_River,"The Kalambo River forms part of the border between Zambia and Songwe Region,Tanzania. It is a comparatively small stream which rises on the Ufipa Plat"
183,Mount Makulu Zambia,https://en.wikipedia.org/wiki/Mount_Makulu_Zambia,"It was started in the 1950s by the British Government after the Second World War, while Zambia was a British colony. During the 1950s and 1960s Mount "
184,Luambe National Park,https://en.wikipedia.org/wiki/Luambe_National_Park,"The life force of the Luangwa Valley is the Luangwa River. In the rainy season it floods and as it recedes, lagoons remain at the side of the main cha"
185,Canisius Secondary School,https://en.wikipedia.org/wiki/Canisius_Secondary_School,The core values promoted by the Jesuit education in Zambia and indeed throughout the world is informed by the Ignatian Pedagogical Paradigm (IPP) whic
186,Zambia Independence Act 1964,https://en.wikipedia.org/wiki/Zambia_Independence_Act_1964,"In 1953, the creation of the Federation of Rhodesia and Nyasaland grouped together Northern Rhodesia, Southern Rhodesia, and Nyasaland (now Malawi) as"
187,National Democratic Focus,https://en.wikipedia.org/wiki/National_Democratic_Focus,"The alliance was formed in 2006 as the National Democratic Front, and was initially planned to consist of the Party for Unity, Democracy and Developme"
188,Lukusuzi National Park,https://en.wikipedia.org/wiki/Lukusuzi_National_Park,"Lukusuzi National Park is located in eastern Luangwa Valley in Zambia, on the other side of the Luangwa River from the more famous South Luangwa Natio"
189,Zambia national cricket team,https://en.wikipedia.org/wiki/Zambia_national_cricket_team,"With the formation of the Federation of Rhodesia and Nyasaland in 1954, cricket was fully integrated with Southern Rhodesia but investment was concent"
190,Zambeef Products,https://en.wikipedia.org/wiki/Zambeef_Products,"According to its website, Zambeef is the largest beef producer in Zambia.[1] The company also provides feedlot services, and manufactures milk, chicke"
191,Illovo Sugar,https://en.wikipedia.org/wiki/Illovo_Sugar,"Illovo Sugar Africa (Pty) Ltd based in Umhlanga, KwaZulu-Natal, South Africa is Africa's largest sugar producer. The group produces raw and refined su"
192,Mpelembe Secondary School,https://en.wikipedia.org/wiki/Mpelembe_Secondary_School,"Mpelembe Secondary School is a secondary school in Zambia. It is located in Nkana East, Kitwe. It was officially opened on 8th Sept 1983 by the then P"
193,Chengelo Secondary School,https://en.wikipedia.org/wiki/Chengelo_Secondary_School,Situated fifteen kilometres from the main campus is the Ndubaluba Outdoor Centre. The centre was opened in 1993 by Chengelo's founding headmaster Neil
194,List of Zambians,https://en.wikipedia.org/wiki/List_of_Zambians,"The ceremony, held after harvest in late August, is a way of bringing together different Chewa chiefs from the three countries to present their report"
195,Mofwe Lagoon,https://en.wikipedia.org/wiki/Mofwe_Lagoon,"The importance of the Mofwe lies in its fishery, which attracted Mwata Kazembe to settle in the town of Kanyembo on its eastern edge in the 19th Centu"
196,Solwezi Airport,https://en.wikipedia.org/wiki/Solwezi_Airport,"Solwezi Airport (IATA: SLI, ICAO: FLSW) is an airport serving Solwezi, a city in the North-Western Province of Zambia.[4] The airport is the largest i"
197,Zambia National Commercial Bank,https://en.wikipedia.org/wiki/Zambia_National_Commercial_Bank,"Zanaco was founded in 1969 by the Government of Zambia. Prior to 2007, the bank was 100 percent owned by the government. In that year, 49 percent of i"
198,Ntumbachushi Falls,https://en.wikipedia.org/wiki/Ntumbachushi_Falls,"Ntumbachushi is notable not just for the main falls, however, but for a series of smaller falls and pools stretching for a distance of more than 2 km "
199,Katima Mulilo Bridge,https://en.wikipedia.org/wiki/Katima_Mulilo_Bridge,The Katima Mulilo Bridge (also known as Bridge 508 in the Namibian Bridge Register) carries the TransCaprivi Highway over the Zambezi River between Ka
200,Nkana Red Devils,https://en.wikipedia.org/wiki/Nkana_Red_Devils,"Nkana have the biggest fan base in Zambia, it's die hard fans used to be known for their noisy and passionate support of their club . Otherwise, Befor"
201,Kaonde language,https://en.wikipedia.org/wiki/Kaonde_language,"Strictly speaking, the term ""Kaonde"" refers to a group of people who are identified by a common language known as kiiKaonde. This group of people, lik"
202,Rungu (African ethnic group),https://en.wikipedia.org/wiki/Rungu_(African_ethnic_group),"Lungu people comprise several clans and many subclans based on matrilineal descent, some with their own dialects, which are depicted as separate tribe"
203,Zambia national rugby union team,https://en.wikipedia.org/wiki/Zambia_national_rugby_union_team,Zambia were not invited to the original world cup in 1987 in New Zealand. They did not enter the first two tournaments that were open to qualification
204,Tonga language (Zambia),https://en.wikipedia.org/wiki/Tonga_language_(Zambia),"Tonga (Chitonga), also known as Zambezi, is a Bantu language primarily spoken by the Tonga people who live mainly in the Southern and Western province"
205,Zambezi Escarpment,https://en.wikipedia.org/wiki/Zambezi_Escarpment,"The southern Zambezi Escarpment in Zimbabwe is quite marked in the west at the Chizarira Hills and the Chizarira National Park, but the slope becomes "
206,Cilungu,https://en.wikipedia.org/wiki/Cilungu,"Mambwe language is spoken by the people who are found in Rukwa region, southern Sumbawanga town. It is a language which is one of the three dialects s"
207,Zamrock,https://en.wikipedia.org/wiki/Zamrock,"Zamrock's roots can be traced back to the 1950s, with northern singers from the Copperbelt Province such as Stephen Tsotsi Kasumali, William Mapulanga"
208,Ba Yombe,https://en.wikipedia.org/wiki/Ba_Yombe,"In 1981 there was an estimated 15,000 people of the Yombe, living in an area of 625 square miles (1,620 km2).[1] This group refers to people among the"
209,Distro Kuomboka,https://en.wikipedia.org/wiki/Distro_Kuomboka,Distro Kuomboka were formed at Kabwe in 1979. They are Zambia's longest surviving band[citation needed]. Recognised as Zambia's Best Band at the Ngoma
210,Mulungushi Dam,https://en.wikipedia.org/wiki/Mulungushi_Dam,"The Mulungushi Dam located 50 km south-east of Kabwe, Zambia was constructed by the Broken Hill Development Company on the Mulungushi River and opened"
211,Rhodesian Man,https://en.wikipedia.org/wiki/Rhodesian_Man,"Homo rhodesiensis is now mostly considered a synonym of Homo heidelbergensis, or possibly an African subspecies of Homo heidelbergensis sensu lato, un"
212,Lechwe Secondary School,https://en.wikipedia.org/wiki/Lechwe_Secondary_School,Music and art classes are taken from reception (kindergarten) and through the secondary school years. Over the course of the three terms the students 
213,Kabompo Ferry,https://en.wikipedia.org/wiki/Kabompo_Ferry,"It is a manually powered cable ferry, propelled by pulling on the steel cables which anchor it to each bank of the 100 m wide river. The workers stand"
214,Lake Ishiba Ng'andu,https://en.wikipedia.org/wiki/Lake_Ishiba_Ng%27andu,"It is important to the Bemba people as the country in which, in the late 17th Century, Chitimukulu of the Ng'andu (crocodile) Clan came across a dead "
215,Chavuma Falls,https://en.wikipedia.org/wiki/Chavuma_Falls,Chavuma Falls is a small waterfall on the Zambezi River in northwestern Zambia close to the border with Angola and the town of Chavuma. During the wet
216,"Africa House, The",https://en.wikipedia.org/wiki/The_Africa_House,"The Africa House is an account of the life of soldier, pioneer white settler, politician and supporter of African independence Stewart Gore-Browne in "
217,Mpika railway station,https://en.wikipedia.org/wiki/Mpika_railway_station,Sidings where freight may be loaded and unloaded existing in several places. These are concentrated to the north east of the station in a complex of s
218,Paramount Chief Mpezeni,https://en.wikipedia.org/wiki/Paramount_Chief_Mpezeni,"The chieftainship was founded by Zwangendaba, a former general and relative of King Shaka of the Zulu, who fled the mfecane. It is named after the Ngo"
219,Cairo Road,https://en.wikipedia.org/wiki/Cairo_Road,"Cairo Road is 1.8 km long, running north–south between the Great East Road and Independence Avenue, and is a wide dual carriageway with an avenue of t"
220,National Assembly of Zambia,https://en.wikipedia.org/wiki/National_Assembly_of_Zambia,"Of the 167 members of the National Assembly, 156 are elected by the first-past-the-post system in single-member constituencies, with a further eight a"
221,North-Western Rhodesia,https://en.wikipedia.org/wiki/North-Western_Rhodesia,"North-Western Rhodesia, in south central Africa, was a territory administered from 1891 until 1899 under charter by the British South Africa Company. "
222,Lwiindi,https://en.wikipedia.org/wiki/Lwiindi,Lwiindi is an annual festival of the Tonga people of might southern Zambia. It is a thanksgiving ceremony to appease the gods for the good rains and h
223,United Democratic Alliance (Zambia),https://en.wikipedia.org/wiki/United_Democratic_Alliance_(Zambia),"The UDA was formed on 1 March 2006 by the United Party for National Development (UPND), the United National Independence Party (UNIP) and the Forum fo"
224,List of Zambian companies,https://en.wikipedia.org/wiki/List_of_Zambian_companies,"The Republic of Zambia is a landlocked country in Southern Africa,[1] neighbouring the Democratic Republic of the Congo to the north, Tanzania to the "
225,Nsolo,https://en.wikipedia.org/wiki/Nsolo,Nsolo also called Chisolo is the Zambian version of mancala.[1] Nsolo game is usually played by scooping holes in the ground and using small stones or
226,Lunda language,https://en.wikipedia.org/wiki/Lunda_language,"Lunda, also known as Chilunda, is a Bantu language spoken in Zambia, Angola and, to a lesser extent, in the Democratic Republic of the Congo (DRC). Lu"
227,Lists of Zambia-related topics,https://en.wikipedia.org/wiki/Lists_of_Zambia-related_topics,"Zambia, officially known as the Republic of Zambia, is a landlocked country in Southern Africa. The neighbouring countries are the Democratic Republic"
228,Chambeshi River,https://en.wikipedia.org/wiki/Chambeshi_River,"The Chambeshi rises as a stream in the mountains of northeast Zambia near Lake Tanganyika at an elevation of 1,760 metres (5,770 ft) above sea level. "
229,United States Ambassador to Zambia,https://en.wikipedia.org/wiki/United_States_Ambassador_to_Zambia,The United States immediately recognized the new nation and moved to establish diplomatic relations. An embassy in Lusaka was established on October 2
230,Zambia Republic Party,https://en.wikipedia.org/wiki/Zambia_Republic_Party,"The ZRP was formed in February 2001 as a merger of the Zambia Alliance for Progress (ZAP), the Republican Party and the National Republican Party; how"
231,Aero Zambia,https://en.wikipedia.org/wiki/Aero_Zambia,Aero Zambia was an airline based in Zambia.Aero Zambia replaced the bankrupt Zambia Airways and was admitted as a full member of IATA ( International 
232,New Lusaka Stadium,https://en.wikipedia.org/wiki/New_Lusaka_Stadium,"New Lusaka Stadium was a planned multi-purpose stadium in Lusaka, Zambia until Zambia backed out of hosting the 2011 All-Africa Games in 2009. It woul"
233,Dag Hammerskjold Stadium,https://en.wikipedia.org/wiki/Dag_Hammerskjold_Stadium,"Dag Hammarskjöld Stadium was a multi-use stadium in Ndola, Zambia, named after former Secretary-General of the United Nations Dag Hammarskjöld. It was"
234,ZESCO United Football Club,https://en.wikipedia.org/wiki/ZESCO_United_Football_Club,ZESCO United was founded in 1974. They became the first Zambian club to qualify for the CAF African Champions League Group stage in 2009. ZESCO United
235,Balovale,https://en.wikipedia.org/wiki/Balovale,"Zambezi is a town in the North-Western Province of Zambia, lying on the Zambezi River and the M8 road, west of Kabompo. It is known for the palaces of"
236,Independence Stadium (Zambia),https://en.wikipedia.org/wiki/Independence_Stadium_(Zambia),"In 2004, the stadium was closed by the then national sports minister citing safety concerns due to the age and status of the building. The order was r"
237,Nyiha,https://en.wikipedia.org/wiki/Nyiha,"Cotton weaving was common, as was pottery-making by women. Mat- and basket-making, iron-working by the men, and collecting salt from the Lake Rukwa ar"
238,Heritage Party,https://en.wikipedia.org/wiki/Heritage_Party_(Zambia),The party was formed in 2001 by Godfrey Miyanda after he left the Movement for Multi-Party Democracy over President Frederick Chiluba's plans to run f
239,Monuments and Historic Sites of Zambia,https://en.wikipedia.org/wiki/Monuments_and_Historic_Sites_of_Zambia,"However, only about 35% of the country's land area has been adequately surveyed for cultural heritage and, due to a shortage of funds, the condition o"
240,Nsumbu National Park,https://en.wikipedia.org/wiki/Nsumbu_National_Park,"Sumbu offers game viewing combined with sports fishing on the lake, and a beautiful landscape. The lake shore includes rocky cliffs, the balancing roc"
241,List of birds of Zambia,https://en.wikipedia.org/wiki/List_of_birds_of_Zambia,"This list's taxonomic treatment (designation and sequence of orders, families and species) and nomenclature (common and scientific names) follow the c"
242,Banani International Secondary School,https://en.wikipedia.org/wiki/Banani_International_Secondary_School,"Banani International Secondary School is a residential international girls' secondary school (grades 8-12) in Chisamba, Zambia. The nearest village is"
243,Ibwatu,https://en.wikipedia.org/wiki/Ibwatu,Munkoyo[1][2][3] or ibwatu[4] is a popular drink in rural Zambia. It is a mildly fermented drink made from pounded roots mixed with bits of maize. The
244,Ngonye Falls,https://en.wikipedia.org/wiki/Ngonye_Falls,"The Ngonye Falls[1][2] or Sioma Falls is a waterfall on the Zambezi river in Western province Zambia, near the town of Sioma and a few hundred kilomet"
245,International XI cricket team in Rhodesia in 1961-62,https://en.wikipedia.org/wiki/International_XI_cricket_team_in_Rhodesia_in_1961-62,"An International XI cricket team toured several countries from February to April 1962 and played a total of eight first-class matches, these taking pl"
246,List of schools in Zambia,https://en.wikipedia.org/wiki/List_of_schools_in_Zambia,All schools in Zambia whether public or private or community based are registered with the Ministry of General Education (MOGE). The Mandate of the Mi
247,Kafue Railway Bridge,https://en.wikipedia.org/wiki/Kafue_Railway_Bridge,"With a length of 427 metres (1,401 ft) the Kafue Railway Bridge was the longest bridge on the Rhodesian Railways network.[1] It includes nearly 2 kilo"
248,Lumangwe Falls,https://en.wikipedia.org/wiki/Lumangwe_Falls,Lumangwe Falls are reached via a 10 km earth road which turns west from the Kawambwa-Mporokoso gravel road 2.5 km north-east of the Kalungwishi bridge
249,2011 All-Africa Games,https://en.wikipedia.org/wiki/2011_All-Africa_Games,"When Mozambique initially announced its ability to host the 10th Games, there was a possibility of a paring down of the sports to be offered, due to t"
250,New Livingstone Stadium,https://en.wikipedia.org/wiki/New_Livingstone_Stadium,"New Livingstone Stadium was a proposed multi-purpose stadium in Livingstone, Zambia, that was in the planning stages until Zambia backed out of hostin"
251,National Citizens' Coalition,https://en.wikipedia.org/wiki/National_Citizens%27_Coalition,"The NCC was founded by Nevers Mumba, an evangelical pastor, in 1997, and was known as the National Christian Coalition until being renamed on 19 June "
252,Eastern Lunda,https://en.wikipedia.org/wiki/Eastern_Lunda,The Eastern Lunda migrated in the 18th Century to their current area under the leader Mwata Kazembe. Their neighbours in northern Zambia to whom they 
253,North Luangwa National Park,https://en.wikipedia.org/wiki/North_Luangwa_National_Park,"For many years its wildlife suffered greatly from poaching, but recent years have seen poaching almost entirely stopped. It has generally suffered fro"
254,List of mammals in Zambia,https://en.wikipedia.org/wiki/List_of_mammals_in_Zambia,"The lagomorphs comprise two families, Leporidae (hares and rabbits), and Ochotonidae (pikas). Though they can resemble rodents, and were classified as"
255,Zambia Medical Mission,https://en.wikipedia.org/wiki/Zambia_Medical_Mission,The Zambia Medical Mission is an annual medical outreach conducted in the remote villages of southern Zambia. The outreach is affiliated with the Chur
256,Lunsemfwa River,https://en.wikipedia.org/wiki/Lunsemfwa_River,"The Lunsemfwa enters the Luangwa Rift valley about 40 km from its western end, where the valley is about 45 km wide. It flows to the middle of the val"
257,Mashombe Blue Jeans,https://en.wikipedia.org/wiki/Mashombe_Blue_Jeans,Their reputation has received a considerable boost from their association with the Tonga Music Festival[1] sponsored by Chikuni Radio Station and they
258,Litunga,https://en.wikipedia.org/wiki/Litunga,The Litunga of Barotseland (now in Zambia) is the king of the Barotse people.[citation needed] The Litunga resides near the Zambezi River and the town
259,Forest Rangers Football Club,https://en.wikipedia.org/wiki/Forest_Rangers_Football_Club,"During the 1991 soccer season, the club finished as runners up in the independence Cup Competition after losing 5-1 to the then Football kings of Zamb"
260,Mfuwe Airport,https://en.wikipedia.org/wiki/Mfuwe_Airport,"Mfuwe Airport (IATA: MFU, ICAO: FLMF) is an airport serving Mfuwe, a diffuse settlement in Mambwe District in the Eastern Province in Zambia. It serve"
261,Football Association of Zambia,https://en.wikipedia.org/wiki/Football_Association_of_Zambia,"The Zambia national football team represents Zambia in association football and is governed by the Football Association of Zambia. During the 1980s, t"
262,Ministry of Energy (Zambia),https://en.wikipedia.org/wiki/Ministry_of_Energy_(Zambia),In 2012 the Ministry of Water and Energy was merged with the Ministry of Mines to form the Ministry of Mines Energy and Water Development. The merger 
263,Ngoma Music Award,https://en.wikipedia.org/wiki/Ngoma_Music_Award,"In 2019, the Ngoma Awards returned to Zambia after a 6 year hiatus. The newly relaunched Ngoma Awards includes 7 categories: creative writing, stage t"
264,Nkwazi Football Club,https://en.wikipedia.org/wiki/Nkwazi_Football_Club,"Nkwazi Football Club is a Zambian football club based in Lusaka. They play in the Zambian Premier League, after gaining promotion from Division One So"
265,Governor-General of the Federation of Rhodesia and Nyasaland,https://en.wikipedia.org/wiki/Governor-General_of_the_Federation_of_Rhodesia_and_Nyasaland,"As Salisbury (now Harare) became the capital of the Federation as well as Southern Rhodesia, Government House, previously used as the residence of the"
266,Old Drift cemetery,https://en.wikipedia.org/wiki/Old_Drift_cemetery,The Old Drift Cemetery is a small burial site near the Zambezi river in modern-day Zambia. It includes the graves of early European settlers and visit
267,Zambia Congress of Trade Unions,https://en.wikipedia.org/wiki/Zambia_Congress_of_Trade_Unions,"Frederick Chiluba was Chairman-General of ZCTU 1974-1991.[1] From 1991 to 2002, the president was Fackson Shamenda. From October 2002 to 20 December 2"
268,Judiciary of Zambia,https://en.wikipedia.org/wiki/Judiciary_of_Zambia,The Judiciary of Zambia is the branch of the Government of the Republic of Zambia which interprets and applies the country's laws to ensure impartial 
269,Zambia Alliance for Progress,https://en.wikipedia.org/wiki/Zambia_Alliance_for_Progress,"In 2001 it merged into the Zambia Republican Party (ZRP).[3] However, after disagreements between Mungomba and Benjamin Mwila, the ZAP left the ZRP an"
270,Livingstone Airport,https://en.wikipedia.org/wiki/Livingstone_Airport,The renovations included (a) a new terminal building (b) a new main runway (c) a new apron and (d) new apron lights. The previous airport had capacity
271,Kabwelume Falls,https://en.wikipedia.org/wiki/Kabwelume_Falls,Kabwelume Falls is a waterfall on the Kalungwishi River in the Northern Province of Zambia. The falls is about 6 km down stream of Lumangwe Falls. Whe
272,Chilanga Cement,https://en.wikipedia.org/wiki/Chilanga_Cement,"The company was founded in 1949, privatized in 1957, nationalized in 1973, and was the first large state-owned company to be privatized (or re-privati"
273,Namwanga,https://en.wikipedia.org/wiki/Namwanga,"Mwanga, or Namwanga (Nyamwanga), is a Bantu language spoken by the Mwanga people in the Northern Province of Zambia[3] (mainly in the districts of Iso"
274,Green Buffaloes FC,https://en.wikipedia.org/wiki/Green_Buffaloes_FC,"The club is based in the capital city Lusaka, Zambia, that plays in the FAZ/MTN Super League, the top flight of Zambian football. It has won 5 League "
275,Tokaleya,https://en.wikipedia.org/wiki/Tokaleya,The Tokaleya have a long history in the area. For them the Falls are a sacred and essential element in their culture. Victoria Falls forms an integral
276,Eastern Air,https://en.wikipedia.org/wiki/Eastern_Air,"Zambia Skyways had resumed services partially in 2009, with flights to Dubai and London through a partnership with Air Zimbabwe in which the airline w"
277,United Liberal Party,https://en.wikipedia.org/wiki/United_Liberal_Party_(Zambia),The ULP was formed in July 2006 by Sakwiba Sikota after he lost the United Party for National Development leadership contest.[1] The party did not nom
278,Archdiocese of Lusaka,https://en.wikipedia.org/wiki/Archdiocese_of_Lusaka,"As per 2015, the archdiocese pastorally served 1,171,000 Catholics (35.4% of 3,310,000 total) on an area of 64,000 km² (24,720 mi²), subdivided into 6"
279,Mbereshi River,https://en.wikipedia.org/wiki/Mbereshi_River,The Mbereshi River (also spelled and pronounced 'Mbeleshi') drains the northern Zambian plateau north of Kawambwa and flows west into the Luapula vall
280,List of airports in Zambia,https://en.wikipedia.org/wiki/List_of_airports_in_Zambia,"Zambia, officially the Republic of Zambia, is a landlocked country in Southern Africa. The neighboring countries are the Democratic Republic of the Co"
281,Zambia Scouts Association,https://en.wikipedia.org/wiki/Zambia_Scouts_Association,"The great popularity of the Boy Scout movement was due to its outdoor program such as hiking, camping, cooking and pioneering, which was unusual in th"
282,Girl Guides Association of Zambia,https://en.wikipedia.org/wiki/Girl_Guides_Association_of_Zambia,"The Girl Guides Association of Zambia is the national Guiding organization of Zambia. It serves 23,662 members (as of 2009).[1] Founded in 1924 as the"
283,Power Dynamos FC,https://en.wikipedia.org/wiki/Power_Dynamos_FC,Power Dynamos is known for playing beautiful passing football and their matches are usually enjoyed by the Zambian Premier League fans. Their main riv
284,Kanongesha-Lunda,https://en.wikipedia.org/wiki/Kanongesha-Lunda,The Kanongesha-Lunda (also called the Western Lunda) are an ethnic group living mainly in the North-Western Province of Zambia under Senior Chief Kano
285,New Ndola Stadium,https://en.wikipedia.org/wiki/New_Ndola_Stadium,"In 2010, the Chinese government announced that the stadium will be built.[1] The first international game that was played in the stadium was held on 9"
286,Governor of Northern Rhodesia,https://en.wikipedia.org/wiki/Governor_of_Northern_Rhodesia,The Governor of Northern Rhodesia was the representative of the British Monarch in the self-governing colony of Northern Rhodesia from 1924 to 1964. T
287,Mulungushi,https://en.wikipedia.org/wiki/Mulungushi,Mulungushi is a river (and a small town nearby) in central Zambia which has taken on a symbolic and historical meaning synonymous with the independenc
288,Districts of Zambia,https://en.wikipedia.org/wiki/Districts_of_Zambia,"Article 109 in part VIII of the constitution of Zambia deals with local government. It states only that there should be some form of local government,"
289,Zambia Davis Cup team,https://en.wikipedia.org/wiki/Zambia_Davis_Cup_team,The Zambia Davis Cup team represents Zambia in Davis Cup tennis competition and are governed by the Zambia Lawn Tennis Association. They have not comp
290,Konkola Stadium,https://en.wikipedia.org/wiki/Konkola_Stadium,"Konkola Stadium is a multi-purpose stadium in Chililabombwe, Zambia. Built in the 1950s,[1] it is currently used mostly for football matches and serve"
291,Chizongwe Secondary School,https://en.wikipedia.org/wiki/Chizongwe_Secondary_School,"Between 1966 and 1980 it was amongst the top five secondary schools in Zambia together with Munali (Lusaka), Linda High School (Livingstone), David Ka"
292,Lists of country-related topics,https://en.wikipedia.org/wiki/Lists_of_country-related_topics,"Each entry below presents a list of topics about a specific nation or state (country), followed by a link to the main article for that country. Entrie"
293,Dola Hill Stadium,https://en.wikipedia.org/wiki/Dola_Hill_Stadium,"Dola Hill Stadium is a multi-use stadium in Ndola, Zambia. It is currently used mostly for football matches and serves as the home for Forest Rangers "
294,Konkola Copper Mines,https://en.wikipedia.org/wiki/Konkola_Copper_Mines,Exports are transported to the ports of Dar es Salaam in Tanzania and Durban in South Africa. Principal markets include the Middle East and East Asia.
295,Mulungushi River,https://en.wikipedia.org/wiki/Mulungushi_River,The Mulungushi River in central Zambia is a tributary of the Lunsemfwa River and a part of the Zambezi River basin. It rises on the plateau north-west
296,Musikili Primary School,https://en.wikipedia.org/wiki/Musikili_Primary_School,Musikili Primary School is a private boarding school in Zambia for boys and girls from grade 1 to grade 7. The school is located in the Mazabuka Distr
297,Railways Stadium,https://en.wikipedia.org/wiki/Railways_Stadium,"Godfrey ""Ucar"" Chitalu 107 Stadium, previously Railways Stadium, is a multi-use stadium in Kabwe, Zambia. It is currently used mostly for football mat"
298,Mporokoso Group,https://en.wikipedia.org/wiki/Mporokoso_Group,"The group ia between 1.8 Ma and 1.1 Ma in age, and consists of four stratigraphic units, the Lower Quartzite, the Lower Shale, the Upper Quartzite, an"
299,Kabwe Warriors Football Club,https://en.wikipedia.org/wiki/Kabwe_Warriors_Football_Club,Zambian football great Godfrey Chitalu played for the club between 1971 and 1982. In 1972 he scored 107 goals in all competitions for club and country
300,Zambia national basketball team,https://en.wikipedia.org/wiki/Zambia_national_basketball_team,"At the FIBA AfroBasket 2017 qualifiers, Mumba Abraham Mwansa led the team in minutes, rebounds and blocks per game.
Chongo Chona led his team in total"
301,Edwin Imboela Stadium,https://en.wikipedia.org/wiki/Edwin_Imboela_Stadium,"Edwin Imboela Stadium is a multi-use stadium in Lusaka, Zambia.[1] It is currently used mostly for football matches and serves as the home for Nkwazi "
302,Chipata Airport,https://en.wikipedia.org/wiki/Chipata_Airport,"Chipata Airport is in eastern Zambia, near the town of Chipata, approximately 500 kilometres (310 mi), by air, northeast of Lusaka International Airpo"
303,Revolutionary Socialist Party (Zambia),https://en.wikipedia.org/wiki/Revolutionary_Socialist_Party_(Zambia),RSP was one of several leftwing groups that sprung up in Zambia during the 1990s. It suffered from lack of financial resources and organisational capa
304,Kalungwishi River,https://en.wikipedia.org/wiki/Kalungwishi_River,"The Kalungwishi River flows west in northern Zambia into Lake Mweru. It is known for its waterfalls, including the Lumangwe Falls, Kabweluma Falls, Ku"
305,Zambian pound,https://en.wikipedia.org/wiki/Zambian_pound,The Zambian pound replaced the Rhodesia and Nyasaland pound at par. It was pegged to the pound sterling at par and was replaced by the kwacha at a rat
306,Lukasashi River,https://en.wikipedia.org/wiki/Lukasashi_River,"Its coordinates are 14°39'0"" S and 30°1'0"" E in DMS (Degrees Minutes Seconds) or -14.65 and 30.0167 (in decimal degrees). Its UTM position is SJ77 and"
307,Lunga River (Zambia),https://en.wikipedia.org/wiki/Lunga_River_(Zambia),"The Lunga River is the name of two rivers in Zambia. One is a tributary of the Kafue River and the other a tributary of the Kabompo River, both of whi"
308,Nchanga Stadium,https://en.wikipedia.org/wiki/Nchanga_Stadium,"Nchanga Stadium is a multi-use stadium in Nchanga North, Chingola, Zambia. It is currently used mostly for football matches and serves as the home for"
309,Zambian Cup,https://en.wikipedia.org/wiki/Zambian_Cup,"The winners of this trophy did not always entered the African Cup Winners' Cup, an entry was often reserved for the winners of the Champion of Champio"
310,Garden Park,https://en.wikipedia.org/wiki/Garden_Park,"Garden Park is a multi-use stadium in Kitwe, Zambia. It is currently used mostly for football matches and serves as the home for Kitwe United Football"
311,Konkola Blades Football Club,https://en.wikipedia.org/wiki/Konkola_Blades_Football_Club,"Konkola Blades is a Zambian football club based in Chililabombwe that plays in the Zambian Premier League. They play their home games at the 20,000-ca"
312,Zambia at the 2004 Summer Olympics,https://en.wikipedia.org/wiki/Zambia_at_the_2004_Summer_Olympics,Zambian athletes have so far achieved qualifying standards in the following athletics events (up to a maximum of 3 athletes in each event at the 'A' S
313,National Assembly Football Club,https://en.wikipedia.org/wiki/National_Assembly_Football_Club,National Assembly Football Club is a Zambian football club based in Lusaka.[1] They play in the top division in Zambian football. Their home stadium i
314,Zambia Red Cross Society,https://en.wikipedia.org/wiki/Zambia_Red_Cross_Society,The Zambia Red Cross Society was established in 1966 by an act of the Zambian Parliament. It had earlier started out as a branch of the British Red Cr
315,Mita Hills Dam,https://en.wikipedia.org/wiki/Mita_Hills_Dam,"Mita Hills Dam is an embankment dam with a hydroelectric power station and reservoir located near Kabwe, in the Central Province of Zambia. Constructi"
316,Sunset Stadium,https://en.wikipedia.org/wiki/Sunset_Stadium,"Sunset Stadium is a multi-use stadium in Lusaka, Zambia. It is currently used mostly for football matches and serves as the home for Zanaco FC. The st"
317,Roman Catholic Diocese of Mpika,https://en.wikipedia.org/wiki/Roman_Catholic_Diocese_of_Mpika,"Its cathedral episcopal see is the Cathedral of St. Joseph the Worker, in the city of Mpika. It also has a former Cathedral, now Church of St. Maria M"
318,"Zambian parliamentary election, 1991","https://en.wikipedia.org/wiki/Zambian_parliamentary_election,_1991",The 1991 general election in Zambia saw the Movement for Multiparty Democracy defeat the ruling United National Independence Party in both presidentia
319,List of political parties in Zambia,https://en.wikipedia.org/wiki/List_of_political_parties_in_Zambia,Zambia is a multi-party system with the United Party for National Development in power. Opposition parties are allowed and do have some significant re
320,Zambian Challenge Cup,https://en.wikipedia.org/wiki/Zambian_Challenge_Cup,The Zambia Challenge Cup or BP Top Eight Cup is a knockout tournament of the Zambian football. It was created in 1962 and it is contested by the top e
321,Rhodesia (disambiguation),https://en.wikipedia.org/wiki/Rhodesia_(disambiguation),"Rhodesia was an unrecognised state in southern Africa from 1965 to 1979, equivalent in territory to modern Zimbabwe. It was previously the colony of S"
322,Ngoma Airport,https://en.wikipedia.org/wiki/Ngoma_Airport,"Ngoma Airport (IATA: ZGM, ICAO: FLNA) is a rural airstrip serving Ngoma (west of Namwala and south of Itezhi-Tezhi), a settlement in the Southern Prov"
323,Nchanga Rangers,https://en.wikipedia.org/wiki/Nchanga_Rangers,Nchanga Rangers is a Zambian football club based in Chingola that plays in the MTN/FAZ Super Division. They play their home games at Nchanga Stadium i
324,Scouting in Zambia,https://en.wikipedia.org/wiki/Scouting_in_Zambia,"In addition, there are American Boy Scouts in Lusaka, linked to the Direct Service branch of the Boy Scouts of America, which supports units around th"
325,Roman Catholic Diocese of Mansa,https://en.wikipedia.org/wiki/Roman_Catholic_Diocese_of_Mansa,The Roman Catholic Archdiocese of Mansa (Latin: Mansaën(sis)) is a suffragan diocese in the city of Mansa in the ecclesiastical province of Kasama in 
326,Nationwide Airlines (Zambia),https://en.wikipedia.org/wiki/Nationwide_Airlines_(Zambia),"Nationwide Airlines (Zambia) Limited was a scheduled, domestic, passenger airline based in Zambia. Its main base was Lusaka International Airport (LUN"
327,Zambia women's national rugby union team,https://en.wikipedia.org/wiki/Zambia_women%27s_national_rugby_union_team,"The Zambia women's national rugby union team are a national sporting side of Zambia, representing them at rugby union. The side first played in 2007."
328,Rail transport in Zambia,https://en.wikipedia.org/wiki/Rail_transport_in_Zambia,"Zambia Railways operates a number of rail lines, including the Mulobezi Railway; as of early 2012, it was still in operation, but in poor repair.[1]"
329,Zambia at the 1980 Summer Olympics,https://en.wikipedia.org/wiki/Zambia_at_the_1980_Summer_Olympics,"Zambia competed at the 1980 Summer Olympics in Moscow, USSR. The nation returned to the Olympic Games after boycotting the 1976 Summer Olympics."
330,Ministry of Health (Zambia),https://en.wikipedia.org/wiki/Ministry_of_Health_(Zambia),Schools operated by the Ministry include the Mansa School of Nursing in Mansa and the Ndola Schools of Nursing and Midwifery in Ndola District.
331,Roman Catholic Archdiocese of Kasama,https://en.wikipedia.org/wiki/Roman_Catholic_Archdiocese_of_Kasama,The Roman Catholic Archdiocese of Kasama (Latin: Kasamaën(sis)) is the Metropolitan See for the Ecclesiastical province of Kasama in Zambia.
332,Zambia at the 2000 Summer Olympics,https://en.wikipedia.org/wiki/Zambia_at_the_2000_Summer_Olympics,"Zambia competed at the 2000 Summer Olympics in Sydney, Australia. None of the competitors from Zambia won medals in the 2000 Olympic games."
333,Zambian Coca-Cola Cup,https://en.wikipedia.org/wiki/Zambian_Coca-Cola_Cup,This article about a Confederation of African Football association football competition is a stub. You can help Wikipedia by expanding it.
334,Zambia at the 1984 Summer Olympics,https://en.wikipedia.org/wiki/Zambia_at_the_1984_Summer_Olympics,"Zambia competed at the 1984 Summer Olympics in Los Angeles, United States. The nation won its first ever Olympic medal at these Games."
335,Zambia at the 1968 Summer Olympics,https://en.wikipedia.org/wiki/Zambia_at_the_1968_Summer_Olympics,"Zambia competed at the 1968 Summer Olympics in Mexico City, Mexico. Previously, the nation had competed as Northern Rhodesia."
336,Baobab College,https://en.wikipedia.org/wiki/Baobab_College,"Baobab College (formerly Baobab Trust School) is an independent day and boarding school situated south of Lusaka, Zambia.[1]"
337,Luanginga River,https://en.wikipedia.org/wiki/Luanginga_River,"The Luanginga is a river rising in Angola, which flows into the Zambezi in western Zambia.[citation needed]"
338,Federation of Free Trade Unions of Zambia,https://en.wikipedia.org/wiki/Federation_of_Free_Trade_Unions_of_Zambia,This article related to an African trade union is a stub. You can help Wikipedia by expanding it.
339,Airwaves Airlink,https://en.wikipedia.org/wiki/Airwaves_Airlink,This article relating to an African airline is a stub. You can help Wikipedia by expanding it.
340,Zambia at the 1992 Summer Olympics,https://en.wikipedia.org/wiki/Zambia_at_the_1992_Summer_Olympics,This 1992 Summer Olympics–related article is a stub. You can help Wikipedia by expanding it.
341,Zambia at the 1972 Summer Olympics,https://en.wikipedia.org/wiki/Zambia_at_the_1972_Summer_Olympics,This 1972 Summer Olympics-related article is a stub. You can help Wikipedia by expanding it.
342,Zambia at the 2006 Commonwealth Games,https://en.wikipedia.org/wiki/Zambia_at_the_2006_Commonwealth_Games,This Commonwealth Games-related article is a stub. You can help Wikipedia by expanding it.
343,Zambia at the 1988 Summer Olympics,https://en.wikipedia.org/wiki/Zambia_at_the_1988_Summer_Olympics,This article about sports in Zambia is a stub. You can help Wikipedia by expanding it.
344,Zambian traditional ceremonies,https://en.wikipedia.org/wiki/Zambian_traditional_ceremonies,This article about a tradition is a stub. You can help Wikipedia by expanding it.
345,Zambian diplomatic missions,https://en.wikipedia.org/wiki/Zambian_diplomatic_missions,"This is a list of diplomatic missions of Zambia, excluding honorary consulates."
346,List of Zambian parliamentary constituencies,https://en.wikipedia.org/wiki/List_of_Zambian_parliamentary_constituencies,The National Assembly of Zambia has 156 single-member constituencies.
347,List of settlements in Zambia,https://en.wikipedia.org/wiki/List_of_settlements_in_Zambia,"This is a list of cities, towns, villages and missions in Zambia."
348,Mangwe,https://en.wikipedia.org/wiki/Mangwe,There are many different gods of rain in different religions:
