title,link
Zambia,https://en.wikipedia.org/wiki/Zambia
Lusaka,https://en.wikipedia.org/wiki/Lusaka
Copperbelt,https://en.wikipedia.org/wiki/Copperbelt
1977 Dan-Air Boeing 707 crash,https://en.wikipedia.org/wiki/1977_Dan-Air_Boeing_707_crash
2011 All-Africa Games,https://en.wikipedia.org/wiki/2011_All-Africa_Games
Aero Zambia,https://en.wikipedia.org/wiki/Aero_Zambia
Africa,https://en.wikipedia.org/wiki/Africa
"Africa House, The",https://en.wikipedia.org/wiki/The_Africa_House
Airwaves Airlink,https://en.wikipedia.org/wiki/Airwaves_Airlink
Amayenge,https://en.wikipedia.org/wiki/Amayenge
Archdiocese of Lusaka,https://en.wikipedia.org/wiki/Archdiocese_of_Lusaka
Ba Yombe,https://en.wikipedia.org/wiki/Ba_Yombe
Balovale,https://en.wikipedia.org/wiki/Balovale
BaLunda,https://en.wikipedia.org/wiki/BaLunda
Banani International Secondary School,https://en.wikipedia.org/wiki/Banani_International_Secondary_School
Bangweulu Wetlands,https://en.wikipedia.org/wiki/Bangweulu_Wetlands
Bank of Zambia,https://en.wikipedia.org/wiki/Bank_of_Zambia
Baobab College,https://en.wikipedia.org/wiki/Baobab_College
Barotseland,https://en.wikipedia.org/wiki/Barotseland
Bemba language,https://en.wikipedia.org/wiki/Bemba_language
Bemba people,https://en.wikipedia.org/wiki/Bemba_people
Benguela railway,https://en.wikipedia.org/wiki/Benguela_railway
British diaspora in Africa,https://en.wikipedia.org/wiki/British_diaspora_in_Africa
British South Africa Company,https://en.wikipedia.org/wiki/British_South_Africa_Company
British South Africa Police,https://en.wikipedia.org/wiki/British_South_Africa_Police
Cairo Road,https://en.wikipedia.org/wiki/Cairo_Road
Canisius Secondary School,https://en.wikipedia.org/wiki/Canisius_Secondary_School
Cape to Cairo Road,https://en.wikipedia.org/wiki/Cape_to_Cairo_Road
"Central Province, Zambia","https://en.wikipedia.org/wiki/Central_Province,_Zambia"
Chambeshi River,https://en.wikipedia.org/wiki/Chambeshi_River
Chavuma Falls,https://en.wikipedia.org/wiki/Chavuma_Falls
Chengelo Secondary School,https://en.wikipedia.org/wiki/Chengelo_Secondary_School
Chewa people,https://en.wikipedia.org/wiki/Chewa_people
Chichewa language,https://en.wikipedia.org/wiki/Chichewa_language
Chilanga Cement,https://en.wikipedia.org/wiki/Chilanga_Cement
Chimfunshi Wildlife Orphanage,https://en.wikipedia.org/wiki/Chimfunshi_Wildlife_Orphanage
Chipata Airport,https://en.wikipedia.org/wiki/Chipata_Airport
Chirundu Bridge,https://en.wikipedia.org/wiki/Chirundu_Bridge
Chitimukulu,https://en.wikipedia.org/wiki/Chitimukulu
Chizongwe Secondary School,https://en.wikipedia.org/wiki/Chizongwe_Secondary_School
Chokwe,https://en.wikipedia.org/wiki/Chokwe_(disambiguation)
Christianity in Zambia,https://en.wikipedia.org/wiki/Christianity_in_Zambia
Cilungu,https://en.wikipedia.org/wiki/Cilungu
Coat of arms of Zambia,https://en.wikipedia.org/wiki/Coat_of_arms_of_Zambia
Commonwealth XI cricket team in Rhodesia in 1962-63,https://en.wikipedia.org/wiki/Commonwealth_XI_cricket_team_in_Rhodesia_in_1962-63
Communications in Zambia,https://en.wikipedia.org/wiki/Communications_in_Zambia
Congo Pedicle road,https://en.wikipedia.org/wiki/Congo_Pedicle_road
Congo Pedicle,https://en.wikipedia.org/wiki/Congo_Pedicle
Congo River,https://en.wikipedia.org/wiki/Congo_River
Copperbelt Province,https://en.wikipedia.org/wiki/Copperbelt_Province
Copperbelt strike (1935),https://en.wikipedia.org/wiki/Copperbelt_strike_(1935)
Cuando River,https://en.wikipedia.org/wiki/Cuando_River
Cuisine of Zambia,https://en.wikipedia.org/wiki/Zambian_cuisine
Dag Hammerskjold Stadium,https://en.wikipedia.org/wiki/Dag_Hammerskjold_Stadium
Dambos,https://en.wikipedia.org/wiki/Dambos
Demographics of Zambia,https://en.wikipedia.org/wiki/Demographics_of_Zambia
Disability in Zambia,https://en.wikipedia.org/wiki/Disability_in_Zambia
Districts of Zambia,https://en.wikipedia.org/wiki/Districts_of_Zambia
Distro Kuomboka,https://en.wikipedia.org/wiki/Distro_Kuomboka
Dola Hill Stadium,https://en.wikipedia.org/wiki/Dola_Hill_Stadium
Dugout (boat),https://en.wikipedia.org/wiki/Dugout_(boat)
East African Campaign (World War I),https://en.wikipedia.org/wiki/East_African_Campaign_(World_War_I)
Eastern Air,https://en.wikipedia.org/wiki/Eastern_Air
Eastern Lunda,https://en.wikipedia.org/wiki/Eastern_Lunda
"Eastern Province, Zambia","https://en.wikipedia.org/wiki/Eastern_Province,_Zambia"
Economy of Zambia,https://en.wikipedia.org/wiki/Economy_of_Zambia
Education in Zambia,https://en.wikipedia.org/wiki/Education_in_Zambia
Edwin Imboela Stadium,https://en.wikipedia.org/wiki/Edwin_Imboela_Stadium
Elections in Zambia,https://en.wikipedia.org/wiki/Elections_in_Zambia
Fanagalo,https://en.wikipedia.org/wiki/Fanagalo
Federation of Free Trade Unions of Zambia,https://en.wikipedia.org/wiki/Federation_of_Free_Trade_Unions_of_Zambia
"Federation of Rhodesia and Nyasaland election, 1953","https://en.wikipedia.org/wiki/Federation_of_Rhodesia_and_Nyasaland_election,_1953"
Federation of Rhodesia and Nyasaland,https://en.wikipedia.org/wiki/Federation_of_Rhodesia_and_Nyasaland
First Quantum Minerals,https://en.wikipedia.org/wiki/First_Quantum_Minerals
Flag of Zambia,https://en.wikipedia.org/wiki/Flag_of_Zambia
Football Association of Zambia,https://en.wikipedia.org/wiki/Football_Association_of_Zambia
Foreign relations of Zambia,https://en.wikipedia.org/wiki/Foreign_relations_of_Zambia
Forest Rangers Football Club,https://en.wikipedia.org/wiki/Forest_Rangers_Football_Club
Forum for Democracy and Development,https://en.wikipedia.org/wiki/Forum_for_Democracy_and_Development
Garden Park,https://en.wikipedia.org/wiki/Garden_Park
Geography of Zambia,https://en.wikipedia.org/wiki/Geography_of_Zambia
Girl Guides Association of Zambia,https://en.wikipedia.org/wiki/Girl_Guides_Association_of_Zambia
Glencore International,https://en.wikipedia.org/wiki/Glencore_International
Governor of Northern Rhodesia,https://en.wikipedia.org/wiki/Governor_of_Northern_Rhodesia
Governor-General of the Federation of Rhodesia and Nyasaland,https://en.wikipedia.org/wiki/Governor-General_of_the_Federation_of_Rhodesia_and_Nyasaland
Great East Road (Zambia),https://en.wikipedia.org/wiki/Great_East_Road_(Zambia)
Great North Road (Zambia),https://en.wikipedia.org/wiki/Great_North_Road_(Zambia)
Green Buffaloes FC,https://en.wikipedia.org/wiki/Green_Buffaloes_FC
Heritage Party,https://en.wikipedia.org/wiki/Heritage_Party_(Zambia)
Hinduism in Zambia,https://en.wikipedia.org/wiki/Hinduism_in_Zambia
History of Africa,https://en.wikipedia.org/wiki/History_of_Africa
History of Christianity in Zambia,https://en.wikipedia.org/wiki/History_of_Christianity_in_Zambia
History of Zambia,https://en.wikipedia.org/wiki/History_of_Zambia
Ibwatu,https://en.wikipedia.org/wiki/Ibwatu
Illovo Sugar,https://en.wikipedia.org/wiki/Illovo_Sugar
Independence Stadium (Zambia),https://en.wikipedia.org/wiki/Independence_Stadium_(Zambia)
Ing-ombe Ilede,https://en.wikipedia.org/wiki/Ing-ombe_Ilede
International XI cricket team in Rhodesia in 1961-62,https://en.wikipedia.org/wiki/International_XI_cricket_team_in_Rhodesia_in_1961-62
Itezhi-Tezhi Dam,https://en.wikipedia.org/wiki/Itezhi-Tezhi_Dam
Judiciary of Zambia,https://en.wikipedia.org/wiki/Judiciary_of_Zambia
Kabompo Ferry,https://en.wikipedia.org/wiki/Kabompo_Ferry
Kabompo River,https://en.wikipedia.org/wiki/Kabompo_River
Kabwe Warriors Football Club,https://en.wikipedia.org/wiki/Kabwe_Warriors_Football_Club
Kabwelume Falls,https://en.wikipedia.org/wiki/Kabwelume_Falls
Kafue National Park,https://en.wikipedia.org/wiki/Kafue_National_Park
Kafue Railway Bridge,https://en.wikipedia.org/wiki/Kafue_Railway_Bridge
Kafue River,https://en.wikipedia.org/wiki/Kafue_River
Kalambo Falls,https://en.wikipedia.org/wiki/Kalambo_Falls
Kalambo River,https://en.wikipedia.org/wiki/Kalambo_River
Kalindula,https://en.wikipedia.org/wiki/Kalindula
Kalungwishi River,https://en.wikipedia.org/wiki/Kalungwishi_River
Kanongesha-Lunda,https://en.wikipedia.org/wiki/Kanongesha-Lunda
Kaonde language,https://en.wikipedia.org/wiki/Kaonde_language
Kariba Dam,https://en.wikipedia.org/wiki/Kariba_Dam
Kariba Gorge,https://en.wikipedia.org/wiki/Kariba_Gorge
Kasanka National Park,https://en.wikipedia.org/wiki/Kasanka_National_Park
Katima Mulilo Bridge,https://en.wikipedia.org/wiki/Katima_Mulilo_Bridge
Kavango–Zambezi Transfrontier Conservation Area,https://en.wikipedia.org/wiki/Kavango%E2%80%93Zambezi_Transfrontier_Conservation_Area
Kazembe,https://en.wikipedia.org/wiki/Kazembe
Kazungula Ferry,https://en.wikipedia.org/wiki/Kazungula_Ferry
Kitwe United Football Club,https://en.wikipedia.org/wiki/Kitwe_United_Football_Club
Komboni,https://en.wikipedia.org/wiki/Komboni
Konkola Blades Football Club,https://en.wikipedia.org/wiki/Konkola_Blades_Football_Club
Konkola Copper Mines,https://en.wikipedia.org/wiki/Konkola_Copper_Mines
Konkola Stadium,https://en.wikipedia.org/wiki/Konkola_Stadium
Kuomboka,https://en.wikipedia.org/wiki/Kuomboka
Lake Bangweulu,https://en.wikipedia.org/wiki/Lake_Bangweulu
Lake Ishiba Ng'andu,https://en.wikipedia.org/wiki/Lake_Ishiba_Ng%27andu
Lake Kariba,https://en.wikipedia.org/wiki/Lake_Kariba
Lake Kashiba,https://en.wikipedia.org/wiki/Lake_Kashiba
Lake Mweru Wantipa,https://en.wikipedia.org/wiki/Lake_Mweru_Wantipa
Lake Mweru,https://en.wikipedia.org/wiki/Lake_Mweru
Lake Tanganyika,https://en.wikipedia.org/wiki/Lake_Tanganyika
Lamba language,https://en.wikipedia.org/wiki/Lamba_language
Languages of Zambia,https://en.wikipedia.org/wiki/Languages_of_Zambia
Lechwe Secondary School,https://en.wikipedia.org/wiki/Lechwe_Secondary_School
LGBT rights in Zambia,https://en.wikipedia.org/wiki/LGBT_rights_in_Zambia
List of airports in Zambia,https://en.wikipedia.org/wiki/List_of_airports_in_Zambia
List of birds of Zambia,https://en.wikipedia.org/wiki/List_of_birds_of_Zambia
List of mammals in Zambia,https://en.wikipedia.org/wiki/List_of_mammals_in_Zambia
List of national parks of Zambia,https://en.wikipedia.org/wiki/List_of_national_parks_of_Zambia
List of political parties in Zambia,https://en.wikipedia.org/wiki/List_of_political_parties_in_Zambia
List of Presidents of Zambia,https://en.wikipedia.org/wiki/List_of_Presidents_of_Zambia
List of schools in Zambia,https://en.wikipedia.org/wiki/List_of_schools_in_Zambia
List of settlements in Zambia,https://en.wikipedia.org/wiki/List_of_settlements_in_Zambia
List of Vice Presidents of Zambia,https://en.wikipedia.org/wiki/List_of_Vice_Presidents_of_Zambia
List of Zambian companies,https://en.wikipedia.org/wiki/List_of_Zambian_companies
List of Zambian parliamentary constituencies,https://en.wikipedia.org/wiki/List_of_Zambian_parliamentary_constituencies
List of Zambians,https://en.wikipedia.org/wiki/List_of_Zambians
List of Zambia-related topics,https://en.wikipedia.org/wiki/List_of_Zambia-related_topics
Litunga,https://en.wikipedia.org/wiki/Litunga
Liuwa Plain National Park,https://en.wikipedia.org/wiki/Liuwa_Plain_National_Park
Livingstone Airport,https://en.wikipedia.org/wiki/Livingstone_Airport
Livingstone Memorial,https://en.wikipedia.org/wiki/Livingstone_Memorial
Lochinvar National Park,https://en.wikipedia.org/wiki/Lochinvar_National_Park
Lower Zambezi National Park,https://en.wikipedia.org/wiki/Lower_Zambezi_National_Park
Lozi language,https://en.wikipedia.org/wiki/Lozi_language
Lozi people,https://en.wikipedia.org/wiki/Lozi_people
Luambe National Park,https://en.wikipedia.org/wiki/Luambe_National_Park
Luanginga River,https://en.wikipedia.org/wiki/Luanginga_River
Luangwa Bridge,https://en.wikipedia.org/wiki/Luangwa_Bridge
Luangwa River,https://en.wikipedia.org/wiki/Luangwa_River
Luapula Province border dispute,https://en.wikipedia.org/wiki/Luapula_Province_border_dispute
Luapula Province,https://en.wikipedia.org/wiki/Luapula_Province
Luapula River,https://en.wikipedia.org/wiki/Luapula_River
"Luena River, Western Zambia","https://en.wikipedia.org/wiki/Luena_River,_Western_Zambia"
Lukanga Swamp,https://en.wikipedia.org/wiki/Lukanga_Swamp
Lukasashi River,https://en.wikipedia.org/wiki/Lukasashi_River
Lukusuzi National Park,https://en.wikipedia.org/wiki/Lukusuzi_National_Park
Lumangwe Falls,https://en.wikipedia.org/wiki/Lumangwe_Falls
Lumpa Church,https://en.wikipedia.org/wiki/Lumpa_Church
Lunda Empire,https://en.wikipedia.org/wiki/Lunda_Empire
Lunda language,https://en.wikipedia.org/wiki/Lunda_language
Lunda people,https://en.wikipedia.org/wiki/Lunda_people
Lunga River (Zambia),https://en.wikipedia.org/wiki/Lunga_River_(Zambia)
Lungwebungu River,https://en.wikipedia.org/wiki/Lungwebungu_River
Lunsemfwa River,https://en.wikipedia.org/wiki/Lunsemfwa_River
Lusaka Declaration,https://en.wikipedia.org/wiki/Lusaka_Declaration
Lusaka Dynamos,https://en.wikipedia.org/wiki/Lusaka_Dynamos
Lusaka International Airport,https://en.wikipedia.org/wiki/Lusaka_International_Airport
Lusaka Province,https://en.wikipedia.org/wiki/Lusaka_Province
Lusaka Stock Exchange,https://en.wikipedia.org/wiki/Lusaka_Stock_Exchange
Lwiindi,https://en.wikipedia.org/wiki/Lwiindi
Mambwe language,https://en.wikipedia.org/wiki/Mambwe_language
Mambwe,https://en.wikipedia.org/wiki/Mambwe_people
Mangwe,https://en.wikipedia.org/wiki/Mangwe
Mashombe Blue Jeans,https://en.wikipedia.org/wiki/Mashombe_Blue_Jeans
Mbereshi River,https://en.wikipedia.org/wiki/Mbereshi_River
Mfuwe Airport,https://en.wikipedia.org/wiki/Mfuwe_Airport
Ministry of Energy (Zambia),https://en.wikipedia.org/wiki/Ministry_of_Energy_(Zambia)
Ministry of Health (Zambia),https://en.wikipedia.org/wiki/Ministry_of_Health_(Zambia)
Mita Hills Dam,https://en.wikipedia.org/wiki/Mita_Hills_Dam
Mofwe Lagoon,https://en.wikipedia.org/wiki/Mofwe_Lagoon
Monuments and Historic Sites of Zambia,https://en.wikipedia.org/wiki/Monuments_and_Historic_Sites_of_Zambia
Mosi-oa-Tunya National Park,https://en.wikipedia.org/wiki/Mosi-oa-Tunya_National_Park
Mount Makulu Zambia,https://en.wikipedia.org/wiki/Mount_Makulu_Zambia
Movement for Multiparty Democracy,https://en.wikipedia.org/wiki/Movement_for_Multiparty_Democracy
Mpelembe Secondary School,https://en.wikipedia.org/wiki/Mpelembe_Secondary_School
Mpika railway station,https://en.wikipedia.org/wiki/Mpika_railway_station
Mporokoso Group,https://en.wikipedia.org/wiki/Mporokoso_Group
Mufulira Wanderers,https://en.wikipedia.org/wiki/Mufulira_Wanderers
Mulobezi Railway,https://en.wikipedia.org/wiki/Mulobezi_Railway
Mulungushi Dam,https://en.wikipedia.org/wiki/Mulungushi_Dam
Mulungushi River,https://en.wikipedia.org/wiki/Mulungushi_River
Mulungushi Rock of Authority,https://en.wikipedia.org/wiki/Mulungushi_Rock_of_Authority
Mulungushi,https://en.wikipedia.org/wiki/Mulungushi
Munali Secondary School,https://en.wikipedia.org/wiki/Munali_Secondary_School
Music of Zambia,https://en.wikipedia.org/wiki/Music_of_Zambia
Musikili Primary School,https://en.wikipedia.org/wiki/Musikili_Primary_School
MV Liemba,https://en.wikipedia.org/wiki/MV_Liemba
Mwanga (ethnic group),https://en.wikipedia.org/wiki/Mwanga_(ethnic_group)
Mweru Wantipa National Park,https://en.wikipedia.org/wiki/Mweru_Wantipa_National_Park
Namwanga,https://en.wikipedia.org/wiki/Namwanga
National Arts Council of Zambia,https://en.wikipedia.org/wiki/National_Arts_Council_of_Zambia
National Assembly Football Club,https://en.wikipedia.org/wiki/National_Assembly_Football_Club
National Assembly of Zambia,https://en.wikipedia.org/wiki/National_Assembly_of_Zambia
National Citizens' Coalition,https://en.wikipedia.org/wiki/National_Citizens%27_Coalition
National Democratic Focus,https://en.wikipedia.org/wiki/National_Democratic_Focus
National Women's Lobby Group,https://en.wikipedia.org/wiki/National_Women%27s_Lobby_Group
Nationwide Airlines (Zambia),https://en.wikipedia.org/wiki/Nationwide_Airlines_(Zambia)
Nchanga Rangers,https://en.wikipedia.org/wiki/Nchanga_Rangers
Nchanga Stadium,https://en.wikipedia.org/wiki/Nchanga_Stadium
Ndola Airport,https://en.wikipedia.org/wiki/Simon_Mwansa_Kapwepwe_International_Airport
New Livingstone Stadium,https://en.wikipedia.org/wiki/New_Livingstone_Stadium
New Lusaka Stadium,https://en.wikipedia.org/wiki/New_Lusaka_Stadium
New Ndola Stadium,https://en.wikipedia.org/wiki/New_Ndola_Stadium
Ngoma Airport,https://en.wikipedia.org/wiki/Ngoma_Airport
Ngoma Music Award,https://en.wikipedia.org/wiki/Ngoma_Music_Award
Ngoni people,https://en.wikipedia.org/wiki/Ngoni_people
Ngonye Falls,https://en.wikipedia.org/wiki/Ngonye_Falls
Nkana Red Devils,https://en.wikipedia.org/wiki/Nkana_Red_Devils
Nkwazi Football Club,https://en.wikipedia.org/wiki/Nkwazi_Football_Club
North Luangwa National Park,https://en.wikipedia.org/wiki/North_Luangwa_National_Park
North-Eastern Rhodesia,https://en.wikipedia.org/wiki/North-Eastern_Rhodesia
"Northern Province, Zambia","https://en.wikipedia.org/wiki/Northern_Province,_Zambia"
Northern Rhodesia at the 1964 Summer Olympics,https://en.wikipedia.org/wiki/Northern_Rhodesia_at_the_1964_Summer_Olympics
Northern Rhodesia,https://en.wikipedia.org/wiki/Northern_Rhodesia
Northern Rhodesian African National Congress,https://en.wikipedia.org/wiki/Northern_Rhodesian_African_National_Congress
"North-Western Province, Zambia","https://en.wikipedia.org/wiki/North-Western_Province,_Zambia"
North-Western Rhodesia,https://en.wikipedia.org/wiki/North-Western_Rhodesia
Nsenga,https://en.wikipedia.org/wiki/Nsenga_(disambiguation)
Nshima,https://en.wikipedia.org/wiki/Nshima
Nsolo,https://en.wikipedia.org/wiki/Nsolo
Nsumbu National Park,https://en.wikipedia.org/wiki/Nsumbu_National_Park
Ntumbachushi Falls,https://en.wikipedia.org/wiki/Ntumbachushi_Falls
Nyamwanga,https://en.wikipedia.org/wiki/Nyamwanga
Nyiha,https://en.wikipedia.org/wiki/Nyiha
"Nyika National Park, Zambia","https://en.wikipedia.org/wiki/Nyika_National_Park,_Zambia"
Nyika Plateau,https://en.wikipedia.org/wiki/Nyika_Plateau
Old Drift cemetery,https://en.wikipedia.org/wiki/Old_Drift_cemetery
Paramount Chief Mpezeni,https://en.wikipedia.org/wiki/Paramount_Chief_Mpezeni
Patriotic Front (Zambia),https://en.wikipedia.org/wiki/Patriotic_Front_(Zambia)
Politics of Zambia,https://en.wikipedia.org/wiki/Politics_of_Zambia
Power Dynamos FC,https://en.wikipedia.org/wiki/Power_Dynamos_FC
Prime Minister of Zambia,https://en.wikipedia.org/wiki/Prime_Minister_of_Zambia
Provinces of Zambia,https://en.wikipedia.org/wiki/Provinces_of_Zambia
Rail transport in Zambia,https://en.wikipedia.org/wiki/Rail_transport_in_Zambia
Railways Stadium,https://en.wikipedia.org/wiki/Railways_Stadium
Revolutionary Socialist Party (Zambia),https://en.wikipedia.org/wiki/Revolutionary_Socialist_Party_(Zambia)
Rhodesia (disambiguation),https://en.wikipedia.org/wiki/Rhodesia_(disambiguation)
Rhodesia and Nyasaland pound,https://en.wikipedia.org/wiki/Rhodesia_and_Nyasaland_pound
Rhodesian Man,https://en.wikipedia.org/wiki/Rhodesian_Man
Rift Valley lakes,https://en.wikipedia.org/wiki/Rift_Valley_lakes
Roman Catholic Archdiocese of Kasama,https://en.wikipedia.org/wiki/Roman_Catholic_Archdiocese_of_Kasama
Roman Catholic Diocese of Mansa,https://en.wikipedia.org/wiki/Roman_Catholic_Diocese_of_Mansa
Roman Catholic Diocese of Mpika,https://en.wikipedia.org/wiki/Roman_Catholic_Diocese_of_Mpika
Roman Catholicism in Zambia,https://en.wikipedia.org/wiki/Roman_Catholicism_in_Zambia
Rungu (African ethnic group),https://en.wikipedia.org/wiki/Rungu_(African_ethnic_group)
Sakeji School,https://en.wikipedia.org/wiki/Sakeji_School
Scouting in Zambia,https://en.wikipedia.org/wiki/Scouting_in_Zambia
Shona language,https://en.wikipedia.org/wiki/Shona_language
Silimba,https://en.wikipedia.org/wiki/Silimba
Sioma Ngwezi National Park,https://en.wikipedia.org/wiki/Sioma_Ngwezi_National_Park
Solwezi Airport,https://en.wikipedia.org/wiki/Solwezi_Airport
South Luangwa National Park,https://en.wikipedia.org/wiki/South_Luangwa_National_Park
"Southern Province, Zambia","https://en.wikipedia.org/wiki/Southern_Province,_Zambia"
Stairs Expedition,https://en.wikipedia.org/wiki/Stairs_Expedition
"Stand and Sing of Zambia, Proud and Free","https://en.wikipedia.org/wiki/Stand_and_Sing_of_Zambia,_Proud_and_Free"
Sunset Stadium,https://en.wikipedia.org/wiki/Sunset_Stadium
Tazama Pipeline,https://en.wikipedia.org/wiki/Tazama_Pipeline
TAZARA Railway,https://en.wikipedia.org/wiki/TAZARA_Railway
Tokaleya,https://en.wikipedia.org/wiki/Tokaleya
Tonga baskets,https://en.wikipedia.org/wiki/Tonga_baskets
Tonga language (Zambia),https://en.wikipedia.org/wiki/Tonga_language_(Zambia)
Tonga people of Zambia and Zimbabwe,https://en.wikipedia.org/wiki/Tonga_people_of_Zambia_and_Zimbabwe
Trans–Caprivi Highway,https://en.wikipedia.org/wiki/Trans%E2%80%93Caprivi_Highway
Transport in Zambia,https://en.wikipedia.org/wiki/Transport_in_Zambia
Tumbuka language,https://en.wikipedia.org/wiki/Tumbuka_language
Tumbuka,https://en.wikipedia.org/wiki/Tumbuka_people
United Democratic Alliance (Zambia),https://en.wikipedia.org/wiki/United_Democratic_Alliance_(Zambia)
United Liberal Party,https://en.wikipedia.org/wiki/United_Liberal_Party_(Zambia)
United National Independence Party,https://en.wikipedia.org/wiki/United_National_Independence_Party
United Party for National Development,https://en.wikipedia.org/wiki/United_Party_for_National_Development
United Progressive Party (Zambia),https://en.wikipedia.org/wiki/United_Progressive_Party_(Zambia)
United States Ambassador to Zambia,https://en.wikipedia.org/wiki/United_States_Ambassador_to_Zambia
University of Zambia,https://en.wikipedia.org/wiki/University_of_Zambia
Victoria Falls Bridge,https://en.wikipedia.org/wiki/Victoria_Falls_Bridge
Victoria Falls,https://en.wikipedia.org/wiki/Victoria_Falls
Von Lettow-Vorbeck Memorial,https://en.wikipedia.org/wiki/Von_Lettow-Vorbeck_Memorial
Water supply and sanitation in Zambia,https://en.wikipedia.org/wiki/Water_supply_and_sanitation_in_Zambia
Water Transport in Zambia,https://en.wikipedia.org/wiki/Water_Transport_in_Zambia
"Western Province, Zambia","https://en.wikipedia.org/wiki/Western_Province,_Zambia"
White Fathers,https://en.wikipedia.org/wiki/White_Fathers
Wildlife of Zambia,https://en.wikipedia.org/wiki/Wildlife_of_Zambia
Yauma language,https://en.wikipedia.org/wiki/Yauma_language
Zambeef Products,https://en.wikipedia.org/wiki/Zambeef_Products
Zambezi Escarpment,https://en.wikipedia.org/wiki/Zambezi_Escarpment
Zambezi,https://en.wikipedia.org/wiki/Zambezi
Zambia Airways,https://en.wikipedia.org/wiki/Zambia_Airways
Zambia Alliance for Progress,https://en.wikipedia.org/wiki/Zambia_Alliance_for_Progress
Zambia at the 1968 Summer Olympics,https://en.wikipedia.org/wiki/Zambia_at_the_1968_Summer_Olympics
Zambia at the 1972 Summer Olympics,https://en.wikipedia.org/wiki/Zambia_at_the_1972_Summer_Olympics
Zambia at the 1980 Summer Olympics,https://en.wikipedia.org/wiki/Zambia_at_the_1980_Summer_Olympics
Zambia at the 1984 Summer Olympics,https://en.wikipedia.org/wiki/Zambia_at_the_1984_Summer_Olympics
Zambia at the 1988 Summer Olympics,https://en.wikipedia.org/wiki/Zambia_at_the_1988_Summer_Olympics
Zambia at the 1992 Summer Olympics,https://en.wikipedia.org/wiki/Zambia_at_the_1992_Summer_Olympics
Zambia at the 1996 Summer Olympics,https://en.wikipedia.org/wiki/Zambia_at_the_1996_Summer_Olympics
Zambia at the 2000 Summer Olympics,https://en.wikipedia.org/wiki/Zambia_at_the_2000_Summer_Olympics
Zambia at the 2004 Summer Olympics,https://en.wikipedia.org/wiki/Zambia_at_the_2004_Summer_Olympics
Zambia at the 2006 Commonwealth Games,https://en.wikipedia.org/wiki/Zambia_at_the_2006_Commonwealth_Games
Zambia Congress of Trade Unions,https://en.wikipedia.org/wiki/Zambia_Congress_of_Trade_Unions
Zambia Consolidated Copper Mines,https://en.wikipedia.org/wiki/Zambia_Consolidated_Copper_Mines
Zambia Davis Cup team,https://en.wikipedia.org/wiki/Zambia_Davis_Cup_team
Zambia Independence Act 1964,https://en.wikipedia.org/wiki/Zambia_Independence_Act_1964
Zambia Information and Communications Technology Authority,https://en.wikipedia.org/wiki/Zambia_Information_and_Communications_Technology_Authority
Zambia Medical Mission,https://en.wikipedia.org/wiki/Zambia_Medical_Mission
Zambia national basketball team,https://en.wikipedia.org/wiki/Zambia_national_basketball_team
Zambia National Commercial Bank,https://en.wikipedia.org/wiki/Zambia_National_Commercial_Bank
Zambia national cricket team,https://en.wikipedia.org/wiki/Zambia_national_cricket_team
Zambia national football team,https://en.wikipedia.org/wiki/Zambia_national_football_team
Zambia national rugby union team,https://en.wikipedia.org/wiki/Zambia_national_rugby_union_team
Zambia Post,https://en.wikipedia.org/wiki/Zambia_Post
Zambia Railways,https://en.wikipedia.org/wiki/Zambia_Railways
Zambia Red Cross Society,https://en.wikipedia.org/wiki/Zambia_Red_Cross_Society
Zambia Republic Party,https://en.wikipedia.org/wiki/Zambia_Republic_Party
Zambia Scouts Association,https://en.wikipedia.org/wiki/Zambia_Scouts_Association
Zambia women's national rugby union team,https://en.wikipedia.org/wiki/Zambia_women%27s_national_rugby_union_team
Zambian African National Congress,https://en.wikipedia.org/wiki/Zambian_African_National_Congress
Zambian Airways,https://en.wikipedia.org/wiki/Zambian_Airways
Zambian Challenge Cup,https://en.wikipedia.org/wiki/Zambian_Challenge_Cup
Zambian Coca-Cola Cup,https://en.wikipedia.org/wiki/Zambian_Coca-Cola_Cup
Zambian Cup,https://en.wikipedia.org/wiki/Zambian_Cup
Zambian Defence Force,https://en.wikipedia.org/wiki/Zambian_Defence_Force
Zambian diplomatic missions,https://en.wikipedia.org/wiki/Zambian_diplomatic_missions
"Zambian general election, 2006","https://en.wikipedia.org/wiki/Zambian_general_election,_2006"
Zambian kwacha,https://en.wikipedia.org/wiki/Zambian_kwacha
"Zambian parliamentary election, 1991","https://en.wikipedia.org/wiki/Zambian_parliamentary_election,_1991"
"Zambian parliamentary election, 2006","https://en.wikipedia.org/wiki/Zambian_parliamentary_election,_2006"
Zambian pound,https://en.wikipedia.org/wiki/Zambian_pound
Zambian Premier League,https://en.wikipedia.org/wiki/Zambian_Premier_League
"Zambian presidential election, 1991","https://en.wikipedia.org/wiki/Zambian_presidential_election,_1991"
"Zambian presidential election, 2001","https://en.wikipedia.org/wiki/Zambian_presidential_election,_2001"
"Zambian presidential election, 2006","https://en.wikipedia.org/wiki/Zambian_presidential_election,_2006"
Zambian traditional ceremonies,https://en.wikipedia.org/wiki/Zambian_traditional_ceremonies
Zamrock,https://en.wikipedia.org/wiki/Zamrock
Zamtel,https://en.wikipedia.org/wiki/Zamtel
Zanaco FC,https://en.wikipedia.org/wiki/Zanaco_FC
ZESCO United Football Club,https://en.wikipedia.org/wiki/ZESCO_United_Football_Club
Lists of country-related topics,https://en.wikipedia.org/wiki/Lists_of_country-related_topics
Lists of Zambia-related topics,https://en.wikipedia.org/wiki/Lists_of_Zambia-related_topics